gene_name,log2FoldChange,pvalue,log pvalue
SAUSA300_RS09630,-6.535948505,5.02E-238,237.2994329
SAUSA300_RS02065,-5.056190008,6.53E-208,207.1853074
SAUSA300_RS04985,-4.782292233,2.27E-139,138.6446418
SAUSA300_RS11820,-4.579915499,2.02E-136,135.6950579
xpt,-4.247359154,1.07E-113,112.9715098
SAUSA300_RS07480,-4.078149247,0.003109348,2.50733065
SAUSA300_RS06875,-3.966320217,0.003346677,2.475386139
SAUSA300_RS10780,-3.947817593,0.008373542,2.07709078
sspA,-3.932141168,7.16E-34,33.14522246
esaC,-3.845249988,1.29E-41,40.88890342
SAUSA300_RS03125,-3.719348814,0.01040238,1.982867281
SAUSA300_RS15565,-3.687609022,0.031684712,1.499150241
esxB,-3.624122208,2.54E-46,45.59532579
SAUSA300_RS15610,-3.572211991,4.99E-06,5.302276404
SAUSA300_RS04150,-3.463916582,0.022547691,1.646897933
-,-3.386669494,4.81E-26,25.31768251
sspB,-3.384436507,2.36E-69,68.62653273
SAUSA300_RS15865,-3.365928618,0.030460363,1.516264922
essC,-3.315871036,3.59E-73,72.44539737
SAUSA300_RS01185,-3.292803437,6.77E-25,24.16971289
SAUSA300_RS04245,-3.278132937,4.42E-98,97.3546226
SAUSA300_RS01900,-3.257631558,8.49E-86,85.07086278
nrdG,-3.22199948,1.57E-47,46.8047675
SAUSA300_RS03030,-3.212521123,1.42E-139,138.8480412
-,-3.205322727,9.19E-16,15.03667332
SAUSA300_RS11605,-3.205050652,6.73E-128,127.1718272
hisG,-3.183985226,0.009859006,2.006166876
esxD,-3.171929135,1.13E-30,29.94821949
ilvC,-3.166052465,2.47E-86,85.6080232
SAUSA300_RS00190,-3.139954015,0.047683586,1.321631092
SAUSA300_RS01530,-3.080621659,2.96E-54,53.52885622
purE,-3.080310953,2.29E-16,15.63946299
SAUSA300_RS13900,-3.06850059,1.43E-31,30.84424084
leuB,-3.062548164,7.34E-66,65.13437213
SAUSA300_RS01910,-3.05296237,1.61E-28,27.79278792
esaB,-3.032141793,3.77E-11,10.42386664
SAUSA300_RS13670,-3.031982076,0.001036734,2.984332551
metC,-2.990568078,1.67E-35,34.77785512
SAUSA300_RS01200,-2.973967477,9.30E-47,46.03132658
metE,-2.973658333,1.12E-103,102.9503863
SAUSA300_RS01195,-2.961942411,4.76E-72,71.32239109
gcvPB,-2.95758898,1.03E-164,163.9881166
leuC,-2.953220179,1.33E-53,52.87465856
essB,-2.942350552,4.00E-26,25.39761189
SAUSA300_RS06855,-2.932124002,0.002851334,2.544951944
SAUSA300_RS00915,-2.92588553,1.58E-15,14.80200348
SAUSA300_RS14095,-2.905016948,1.85E-56,55.73350884
-,-2.868511361,5.27E-21,20.27851446
SAUSA300_RS16060,-2.867421323,0.002032117,2.692051394
SAUSA300_RS05750,-2.852110055,6.52E-07,6.185942024
SAUSA300_RS07270,-2.849032618,4.29E-25,24.36797317
SAUSA300_RS01205,-2.844870305,2.83E-22,21.54836258
gmpC,-2.825797542,3.76E-35,34.42455071
nrdD,-2.81658054,4.83E-123,122.316109
-,-2.805657599,4.26E-13,12.37026365
leuD,-2.777551943,1.06E-39,38.974326
hisB,-2.75041848,9.12E-06,5.040116781
purC,-2.740940319,1.80E-20,19.74465216
SAUSA300_RS01875,-2.726485816,2.85E-26,25.54445528
guaA,-2.7257776,1.32E-109,108.8800235
-,-2.720395681,0.019271106,1.715093365
SAUSA300_RS10980,-2.710982377,0.00049342,3.306783421
SAUSA300_RS11055,-2.707346545,4.93E-67,66.30706839
SAUSA300_RS13380,-2.701310124,2.53E-55,54.59699395
rplL,-2.670546194,2.29E-45,44.64023668
SAUSA300_RS16070,-2.660543066,0.049732623,1.303358638
SAUSA300_RS08515,-2.650815041,2.40E-76,75.61995354
SAUSA300_RS05050,-2.649990065,1.13E-15,14.94610105
SAUSA300_RS01060,-2.637590886,4.69E-11,10.32907506
ilvA,-2.632756996,3.10E-50,49.50890185
SAUSA300_RS01980,-2.597795436,1.09E-71,70.96325164
SAUSA300_RS03970,-2.596238384,0.002161225,2.665300113
SAUSA300_RS11045,-2.586115872,9.19E-14,13.0365459
gcvPA,-2.584357809,5.76E-97,96.23936139
purS,-2.552925244,4.65E-16,15.33258341
-,-2.522641513,1.40E-15,14.85394425
rplJ,-2.507042339,1.34E-75,74.87273408
SAUSA300_RS11565,-2.474288985,1.77E-19,18.75241167
-,-2.446559852,1.03E-21,20.98776035
SAUSA300_RS01625,-2.438348349,3.86E-74,73.41298541
SAUSA300_RS14510,-2.42366389,4.10E-06,5.387413767
SAUSA300_RS03585,-2.421154022,2.88E-66,65.54034676
gcvT,-2.394236075,1.55E-90,89.80964614
SAUSA300_RS07400,-2.384352193,4.19E-05,4.377789603
purK,-2.379651437,1.56E-15,14.80703345
SAUSA300_RS14525,-2.35980683,0.005048484,2.296839031
SAUSA300_RS02335,-2.356807148,2.89E-15,14.53914789
-,-2.344456948,2.36E-06,5.627575262
pxpA,-2.338050682,1.45E-17,16.83769621
SAUSA300_RS02330,-2.332838672,2.59E-17,16.58645948
SAUSA300_RS10140,-2.326678373,1.06E-75,74.97477066
SAUSA300_RS04760,-2.325178773,2.80E-54,53.55277333
bioD,-2.311898784,0.026618644,1.574814073
SAUSA300_RS07245,-2.306138483,7.27E-21,20.13857552
SAUSA300_RS15090,-2.305111334,4.53E-18,17.34388702
guaB,-2.297831575,1.76E-53,52.75571419
SAUSA300_RS12435,-2.296823233,2.72E-10,9.566125328
SAUSA300_RS13265,-2.296262868,4.50E-39,38.34702259
nrdF,-2.291705567,3.81E-59,58.41886023
SAUSA300_RS12430,-2.285754162,2.91E-63,62.53550813
SAUSA300_RS07125,-2.28319558,0.029002113,1.537570356
SAUSA300_RS00910,-2.282498395,5.82E-20,19.23473924
SAUSA300_RS15870,-2.26112065,0.00924873,2.03391792
SAUSA300_RS00920,-2.258531296,2.74E-08,7.562752697
SAUSA300_RS00665,-2.257529749,2.48E-12,11.6061853
SAUSA300_RS01465,-2.254977708,2.59E-10,9.586424803
-,-2.250671666,3.23E-30,29.49040475
purQ,-2.243020448,1.06E-18,17.97307176
SAUSA300_RS15730,-2.239518765,1.17E-11,10.93287352
SAUSA300_RS05285,-2.232428239,5.07E-99,98.29468965
capA,-2.231271736,7.69E-23,22.11432144
SAUSA300_RS12190,-2.215539908,0.004758086,2.322567743
-,-2.209731503,7.54E-14,13.12269532
SAUSA300_RS03100,-2.199885849,9.55E-11,10.01989017
SAUSA300_RS13570,-2.192506316,3.01E-72,71.52153241
SAUSA300_RS11910,-2.184150732,0.041699286,1.379871382
tyrS,-2.178391974,1.77E-27,26.75192219
SAUSA300_RS14155,-2.173132035,1.09E-34,33.96286539
cap8C,-2.172400193,3.58E-16,15.44564453
SAUSA300_RS15735,-2.172273843,1.96E-23,22.70832927
ilvB,-2.169261006,7.00E-18,17.15484732
SAUSA300_RS07120,-2.169228771,2.23E-05,4.651643536
SAUSA300_RS12970,-2.167998505,0.012793025,1.893026745
SAUSA300_RS08530,-2.163470125,5.87E-14,13.23116669
-,-2.162838829,1.27E-19,18.89477248
SAUSA300_RS00925,-2.162735058,2.48E-07,6.605314534
esxA,-2.15549019,3.92E-25,24.40641042
SAUSA300_RS06860,-2.145123678,0.01437214,1.842478573
SAUSA300_RS07015,-2.133409277,5.55E-25,24.2554545
ilvD,-2.131914359,2.28E-22,21.64247385
SAUSA300_RS01250,-2.131039194,3.50E-65,64.45639012
cap8B,-2.125539518,2.94E-11,10.53136202
crtO,-2.071925247,1.50E-17,16.82285034
ftnA,-2.070580279,9.09E-98,97.04119915
dapB,-2.069311682,1.26E-21,20.90098289
SAUSA300_RS13045,-2.068647811,1.91E-79,78.71810682
SAUSA300_RS01550,-2.064984856,0.025124972,1.599894413
SAUSA300_RS01070,-2.062541652,4.27E-14,13.36974775
SAUSA300_RS05990,-2.06081595,1.51E-19,18.82194348
SAUSA300_RS13575,-2.039845209,1.22E-53,52.9139897
SAUSA300_RS06625,-2.032697865,1.31E-10,9.881204114
esaA,-2.032290431,4.58E-23,22.33899275
SAUSA300_RS01470,-2.030040677,1.10E-15,14.96005683
rpsD,-2.020536102,5.99E-38,37.22221216
ileS,-2.019084465,5.71E-61,60.24366319
tdcB,-2.015410369,9.72E-28,27.01252132
mvk,-2.011994776,8.60E-47,46.06528643
SAUSA300_RS11320,-2.011701242,1.37E-23,22.86389954
adhP,-2.01066151,3.17E-45,44.49916725
SAUSA300_RS01210,-2.007467477,1.51E-13,12.82193785
rpmI,-2.00118238,1.63E-15,14.787571
SAUSA300_RS13660,-1.99859295,9.98E-70,69.00087414
SAUSA300_RS06525,-1.99349654,0.038311926,1.416666013
SAUSA300_RS06435,-1.984393909,1.13E-29,28.94696046
SAUSA300_RS12875,-1.97790352,4.49E-16,15.34777303
SAUSA300_RS06090,-1.968283033,2.39E-14,13.62108908
SAUSA300_RS08525,-1.963346587,3.10E-21,20.5093154
SAUSA300_RS04155,-1.963324909,1.32E-12,11.87887627
SAUSA300_RS14535,-1.956774838,1.41E-07,6.852223216
hchA,-1.954249079,2.34E-29,28.63010287
dapA,-1.948801235,1.48E-16,15.82961482
nrdE,-1.94620104,3.69E-73,72.43282199
sarR,-1.93913549,0.018339693,1.736607937
SAUSA300_RS00660,-1.933339585,2.42E-12,11.61600644
SAUSA300_RS02180,-1.931047683,5.81E-12,11.23552843
-,-1.92397375,2.42E-07,6.615786578
nikA,-1.918256209,4.25E-30,29.37130733
radC,-1.917302924,5.46E-16,15.26249768
cyoE,-1.902226762,3.29E-20,19.4830126
SAUSA300_RS05795,-1.889090515,2.97E-10,9.52775542
infC,-1.888302076,3.59E-18,17.44496401
nhaC,-1.887941817,3.37E-39,38.47197306
SAUSA300_RS01170,-1.886786823,4.92E-11,10.30761548
SAUSA300_RS05040,-1.879411835,1.75E-06,5.758127453
SAUSA300_RS08880,-1.878897694,1.15E-29,28.93987495
SAUSA300_RS03795,-1.866021511,7.00E-36,35.15513647
SAUSA300_RS05790,-1.861160303,2.20E-12,11.65671883
SAUSA300_RS13185,-1.85058701,1.62E-37,36.79151128
SAUSA300_RS13225,-1.842169338,6.46E-41,40.19002634
pxpB,-1.837258184,8.99E-14,13.04645798
SAUSA300_RS03580,-1.831868498,3.43E-29,28.46440786
SAUSA300_RS05385,-1.831553458,9.36E-15,14.0289045
dapD,-1.830408043,4.09E-34,33.38862218
SAUSA300_RS09200,-1.830015617,0.002573917,2.589405527
SAUSA300_RS06995,-1.82576735,2.81E-27,26.55089545
hisD,-1.823277423,7.93E-05,4.100673199
-,-1.821239397,0.000146101,3.835345787
SAUSA300_RS01065,-1.81783684,6.67E-08,7.175620429
pbp4,-1.8143971,3.35E-27,26.47446564
SAUSA300_RS05390,-1.809092226,1.60E-23,22.79485455
SAUSA300_RS06760,-1.807300048,1.69E-33,32.77185035
SAUSA300_RS10390,-1.805554535,2.82E-31,30.54972342
SAUSA300_RS14550,-1.79899318,9.64E-05,4.015789099
farE,-1.798661134,2.48E-14,13.60549477
SAUSA300_RS14540,-1.791681041,2.48E-14,13.6063019
SAUSA300_RS03435,-1.789242888,8.87E-18,17.05208819
rplW,-1.785194553,2.13E-36,35.67222787
SAUSA300_RS14605,-1.784234593,1.68E-10,9.774545767
SAUSA300_RS14545,-1.782615082,1.29E-17,16.88800932
SAUSA300_RS15925,-1.781256393,3.27E-05,4.484827652
asp2,-1.781007036,3.94E-25,24.40405469
SAUSA300_RS11670,-1.780025439,0.040749755,1.389874993
SAUSA300_RS14340,-1.778371504,5.84E-37,36.23349641
ssb,-1.773720248,1.63E-35,34.78806165
rpsR,-1.771220057,2.01E-25,24.69671875
SAUSA300_RS14415,-1.770873389,5.08E-31,30.29427755
kdpA,-1.767403601,2.06E-07,6.687042765
SAUSA300_RS04770,-1.764073546,7.92E-44,43.10112076
secY2,-1.75568817,1.94E-17,16.7130615
SAUSA300_RS12085,-1.75540418,9.53E-22,21.02073115
SAUSA300_RS04755,-1.75437009,4.84E-07,6.315117407
SAUSA300_RS11130,-1.753818542,4.88E-40,39.3115569
glpT,-1.750897179,4.22E-15,14.37452892
SAUSA300_RS00215,-1.748070915,0.033507105,1.474863089
mscL,-1.747225696,1.92E-09,8.715758898
lnsA,-1.743907581,2.97E-07,6.527413558
SAUSA300_RS13555,-1.739711133,2.05E-13,12.68743952
SAUSA300_RS07020,-1.738700575,3.89E-11,10.40959749
pheT,-1.735481499,7.35E-20,19.1339729
-,-1.735339669,0.014047335,1.852406051
SAUSA300_RS13715,-1.727216532,5.65E-13,12.24816848
SAUSA300_RS05470,-1.725506629,2.64E-12,11.57901933
yidC,-1.722652635,5.29E-22,21.27679581
SAUSA300_RS12185,-1.722433649,2.27E-35,34.64465993
rplE,-1.717340209,1.46E-24,23.83495404
SAUSA300_RS06830,-1.712790431,4.45E-15,14.35157767
gap,-1.709079473,6.76E-60,59.16996753
asp3,-1.709036475,1.94E-19,18.71200282
splE,-1.707448144,7.70E-14,13.11355936
lip1,-1.707032815,5.09E-13,12.2935224
SAUSA300_RS01480,-1.703791123,4.84E-10,9.315394119
SAUSA300_RS10180,-1.703245375,7.70E-21,20.11378091
SAUSA300_RS10170,-1.701102043,5.49E-50,49.2606002
rpsH,-1.700538953,8.78E-18,17.05673283
rplD,-1.698234748,3.52E-19,18.45399357
-,-1.692473063,2.81E-10,9.551984139
SAUSA300_RS14150,-1.691111433,7.03E-19,18.15294855
SAUSA300_RS06800,-1.6903162,2.31E-51,50.63637498
SAUSA300_RS01460,-1.687743893,0.000123455,3.908491742
purN,-1.686904981,1.14E-21,20.9428124
rpsQ,-1.678144973,1.70E-25,24.76842785
SAUSA300_RS11420,-1.666790223,1.87E-11,10.72895244
SAUSA300_RS08620,-1.663695543,1.08E-06,5.968057382
SAUSA300_RS09300,-1.662838231,3.67E-11,10.43492432
SAUSA300_RS00040,-1.661372714,1.24E-19,18.90535322
rplV,-1.660798069,5.85E-30,29.23264256
SAUSA300_RS06590,-1.660665588,0.000710725,3.148298401
SAUSA300_RS00930,-1.660030149,2.41E-09,8.618193179
-,-1.659592256,1.06E-05,4.975223908
SAUSA300_RS12780,-1.659491047,1.23E-24,23.90919877
SAUSA300_RS12935,-1.659400441,8.35E-14,13.07849281
-,-1.659026606,9.19E-06,5.036484968
nrdI,-1.658844884,1.04E-23,22.98304586
-,-1.657443894,7.56E-06,5.121267939
purF,-1.65736655,1.13E-22,21.94635973
icaB,-1.65643355,0.03056441,1.514783988
-,-1.654744401,1.36E-06,5.867883395
SAUSA300_RS02855,-1.65339488,1.12E-20,19.94910967
purL,-1.648984747,1.45E-30,29.83742566
SAUSA300_RS02555,-1.648852706,0.000262413,3.581014449
srrB,-1.647343386,9.81E-28,27.00853002
cysK,-1.644875445,2.60E-42,41.58468758
rplX,-1.641581962,8.03E-21,20.0955411
SAUSA300_RS11210,-1.623087004,1.32E-35,34.88014816
essA,-1.621805176,1.51E-08,7.820693334
cap8D,-1.621690314,9.06E-17,16.04289819
SAUSA300_RS01565,-1.620807599,0.008144664,2.089126852
SAUSA300_RS12650,-1.620164821,6.94E-21,20.15843415
norB,-1.618131301,1.30E-14,13.88673797
-,-1.617151273,0.038521717,1.414294367
SAUSA300_RS00905,-1.614048524,1.56E-12,11.80553391
SAUSA300_RS14015,-1.610296182,3.97E-27,26.40132276
SAUSA300_RS12890,-1.607211855,3.14E-14,13.50240049
rpsS,-1.594033076,6.79E-18,17.16813238
SAUSA300_RS03640,-1.586784787,2.78E-07,6.556697259
SAUSA300_RS12955,-1.583717121,2.48E-10,9.605067038
graF,-1.581926076,0.000177805,3.750055238
treC,-1.581149763,7.17E-16,15.14420806
SAUSA300_RS01850,-1.579332136,3.98E-06,5.400016923
-,-1.576952872,4.93E-06,5.306889869
SAUSA300_RS05765,-1.575951576,2.81E-11,10.55110697
SAUSA300_RS04805,-1.575655141,1.44E-10,9.842608988
rpmD,-1.573128353,1.11E-18,17.95521312
SAUSA300_RS03120,-1.571097503,0.000442791,3.353801279
-,-1.569652959,0.000240295,3.619255525
comGB,-1.566992567,0.000906461,3.042651039
rpsE,-1.564751411,1.21E-16,15.91870172
SAUSA300_RS05140,-1.564244164,9.97E-09,8.001247616
SAUSA300_RS13385,-1.559958186,6.02E-21,20.22075717
rplR,-1.558856523,7.06E-15,14.15109082
rplF,-1.557353786,6.75E-19,18.17087659
SAUSA300_RS01475,-1.556746247,0.000309548,3.509271728
rpsC,-1.556250068,1.23E-35,34.91154524
purM,-1.55534589,9.70E-21,20.01339852
trmFO,-1.550665275,4.18E-28,27.37912034
hisH,-1.549566279,0.039508988,1.403304093
lpl10,-1.548649137,2.66E-28,27.57563999
rplB,-1.546617825,3.30E-24,23.4811268
SAUSA300_RS12640,-1.544978289,2.60E-12,11.58559077
SAUSA300_RS05460,-1.538658891,2.55E-49,48.59345993
SAUSA300_RS09985,-1.535247762,2.96E-09,8.528568613
SAUSA300_RS04750,-1.533672526,0.00098411,3.006956179
topA,-1.53200635,3.37E-43,42.47289071
SAUSA300_RS15465,-1.531781649,0.001081307,2.966050806
SAUSA300_RS11300,-1.531303457,8.80E-08,7.055760511
SAUSA300_RS16030,-1.531002009,0.000729589,3.136921895
rplC,-1.53096858,1.39E-25,24.85740068
SAUSA300_RS13990,-1.529088078,0.005194597,2.284448131
rplT,-1.52474939,2.87E-07,6.541532911
trpS,-1.520485197,5.54E-12,11.25669429
-,-1.5199122,0.000426603,3.36997645
SAUSA300_RS02320,-1.519334553,8.39E-05,4.076435565
rpsF,-1.518737242,2.15E-37,36.66707385
SAUSA300_RS03645,-1.51780695,3.01E-09,8.521859682
SAUSA300_RS04955,-1.506845128,1.08E-26,25.96722017
SAUSA300_RS07190,-1.506138468,4.53E-24,23.3437008
SAUSA300_RS03590,-1.504771993,3.27E-25,24.48523768
SAUSA300_RS11540,-1.504423494,1.80E-12,11.74555514
rpsJ,-1.500669704,1.94E-19,18.71276867
SAUSA300_RS09020,-1.497320289,3.43E-22,21.46477996
SAUSA300_RS10985,-1.496654308,1.60E-06,5.796002428
SAUSA300_RS01570,-1.492566099,0.001799314,2.744893074
SAUSA300_RS04200,-1.490684373,3.10E-12,11.50894264
-,-1.488140643,0.000448766,3.347979831
rplP,-1.486899195,1.23E-28,27.91152346
SAUSA300_RS09955,-1.486721508,0.023279067,1.633034431
SAUSA300_RS01430,-1.48511287,0.001295459,2.887576429
lukS-PV,-1.484995977,6.45E-08,7.190473103
SAUSA300_RS00530,-1.484772126,0.026137643,1.582733583
aspS,-1.48330586,1.28E-26,25.89330679
lukE,-1.478486133,0.032424432,1.489127627
SAUSA300_RS00395,-1.477769465,4.94E-10,9.305901877
SAUSA300_RS04075,-1.477718675,2.57E-43,42.58986707
SAUSA300_RS13890,-1.477322776,1.31E-27,26.88401538
SAUSA300_RS11005,-1.474719758,1.81E-07,6.743337188
hisS,-1.45869614,4.77E-20,19.32193469
SAUSA300_RS11200,-1.456519018,3.24E-29,28.48943572
bstA,-1.453491941,6.84E-23,22.16485741
rplN,-1.44881482,2.05E-19,18.68720309
SAUSA300_RS05310,-1.44178106,1.18E-13,12.92804825
SAUSA300_RS05380,-1.439974129,1.19E-07,6.926030343
SAUSA300_RS08855,-1.439955534,1.18E-13,12.9296225
SAUSA300_RS03895,-1.438317391,0.018056333,1.743370445
SAUSA300_RS10325,-1.437038615,2.76E-15,14.55861368
SAUSA300_RS06990,-1.436661868,5.58E-17,16.25328588
SAUSA300_RS14655,-1.435062892,1.13E-37,36.94599115
spn,-1.433785091,9.60E-16,15.01772102
opp4A,-1.433533699,0.001451261,2.838254484
SAUSA300_RS03550,-1.429587186,7.14E-08,7.146124492
SAUSA300_RS09975,-1.428039858,3.09E-05,4.510744464
SAUSA300_RS00060,-1.426126887,8.07E-07,6.092945756
narJ,-1.424057141,0.000335028,3.47491914
-,-1.422793688,0.012007432,1.920549857
secDF,-1.422182227,1.07E-14,13.97053842
SAUSA300_RS08615,-1.416754443,0.001059937,2.974720054
lukF-PV,-1.415694076,4.65E-09,8.332797563
SAUSA300_RS09835,-1.414593592,2.61E-11,10.5838981
SAUSA300_RS08810,-1.409100329,1.75E-06,5.757837027
rpmC,-1.406041363,2.15E-18,17.66797479
pheS,-1.405726029,2.38E-13,12.62314374
SAUSA300_RS00055,-1.403311985,3.69E-05,4.433378992
SAUSA300_RS12865,-1.401238085,0.001753226,2.756162156
SAUSA300_RS07430,-1.401106606,7.58E-05,4.120357982
pcrA,-1.397688054,1.07E-28,27.97152029
SAUSA300_RS09900,-1.397505989,8.89E-15,14.05110425
SAUSA300_RS08535,-1.39710317,1.13E-12,11.94692559
splD,-1.391562066,2.23E-08,7.651112232
-,-1.389833963,1.16E-08,7.933968191
SAUSA300_RS15950,-1.387868566,1.19E-21,20.92264837
SAUSA300_RS12645,-1.386096089,5.71E-06,5.243700018
SAUSA300_RS06430,-1.377661683,3.04E-14,13.51668207
SAUSA300_RS09990,-1.377441031,0.000352896,3.452352913
SAUSA300_RS03105,-1.377203303,1.97E-06,5.706055829
gntK,-1.375821683,6.52E-10,9.185792751
SAUSA300_RS01990,-1.37304618,1.90E-07,6.721465792
SAUSA300_RS06985,-1.370628945,1.05E-25,24.9781711
SAUSA300_RS11455,-1.369217919,6.56E-16,15.18320897
mutS,-1.367931778,1.30E-18,17.88536573
yhaM,-1.364780749,2.48E-11,10.60596662
SAUSA300_RS11530,-1.357568926,2.61E-21,20.58282233
SAUSA300_RS11545,-1.35372709,2.02E-09,8.694482112
SAUSA300_RS04235,-1.353544707,0.000378863,3.421517772
-,-1.351695049,0.000216793,3.663955722
SAUSA300_RS12975,-1.347920219,8.59E-05,4.065788371
SAUSA300_RS06600,-1.344909013,0.017673017,1.752689299
SAUSA300_RS00960,-1.338986257,1.94E-20,19.71284986
SAUSA300_RS09875,-1.337755699,1.84E-43,42.73495207
SAUSA300_RS14665,-1.337017753,0.002303083,2.637690362
SAUSA300_RS04160,-1.334101252,1.25E-07,6.903579919
SAUSA300_RS02090,-1.3307278,0.022379503,1.650149571
clfB,-1.328908344,5.27E-21,20.27787745
betA,-1.328287556,3.30E-06,5.48159328
clpL,-1.327803257,1.49E-09,8.825796755
SAUSA300_RS13910,-1.327393648,9.36E-08,7.028530849
SAUSA300_RS10160,-1.326958038,3.52E-23,22.45286784
SAUSA300_RS03570,-1.323152998,3.07E-11,10.51265885
SAUSA300_RS13905,-1.32065002,2.24E-13,12.64895038
rsbW,-1.320596747,2.16E-20,19.66587382
SAUSA300_RS09375,-1.32030017,3.89E-13,12.40983423
asp1,-1.319870751,6.70E-11,10.17415015
splF,-1.317118941,8.38E-09,8.077003639
SAUSA300_RS13230,-1.311370498,1.14E-17,16.94318003
SAUSA300_RS03565,-1.309125535,4.21E-13,12.37557992
SAUSA300_RS13235,-1.306088341,4.43E-17,16.35353593
SAUSA300_RS03035,-1.30379217,6.45E-14,13.19077207
yut,-1.299719641,0.000890944,3.05014983
-,-1.299525191,0.000667856,3.175317417
pepF,-1.299324682,6.13E-10,9.212713504
metK,-1.298548351,1.55E-18,17.80889972
SAUSA300_RS14180,-1.298406206,1.47E-05,4.832827043
mvaD,-1.298044475,1.11E-17,16.95407052
SAUSA300_RS04085,-1.292945338,8.17E-30,29.08779113
lpl6,-1.286521254,0.031417963,1.50282198
SAUSA300_RS14085,-1.286439114,5.20E-18,17.28358284
SAUSA300_RS02095,-1.286028427,0.000873159,3.058906642
queF,-1.28517264,2.46E-06,5.609925656
rho,-1.284126805,1.88E-20,19.72513924
ald,-1.281948411,1.22E-09,8.912311293
lpl2,-1.28145113,0.008475637,2.071827637
mutL,-1.272205657,2.48E-17,16.60629382
SAUSA300_RS09380,-1.270445147,2.60E-05,4.585102591
dprA,-1.268891994,0.009403138,2.0267272
SAUSA300_RS09030,-1.26649192,1.29E-05,4.888563008
SAUSA300_RS10430,-1.266179699,7.41E-16,15.13015012
sarT,-1.264975331,0.016646021,1.778689557
SAUSA300_RS06675,-1.259310311,2.73E-10,9.563923335
SAUSA300_RS01110,-1.258037532,5.98E-06,5.222939969
mnhG1,-1.251766152,1.70E-16,15.77077045
SAUSA300_RS06385,-1.250564338,4.57E-14,13.34001077
SAUSA300_RS11550,-1.250154728,1.81E-10,9.74256577
glpK,-1.249898885,3.99E-20,19.3994274
SAUSA300_RS06730,-1.24594865,0.00036634,3.436115583
SAUSA300_RS01645,-1.244281336,5.15E-08,7.288473479
typA,-1.240570076,2.15E-28,27.66839976
leuS,-1.238925692,3.75E-15,14.42558474
SAUSA300_RS09310,-1.229098147,1.22E-19,18.91482178
emp,-1.228478668,0.000142816,3.845223431
SAUSA300_RS12330,-1.227318039,7.66E-07,6.115763026
scdA,-1.225166214,2.74E-09,8.561960387
SAUSA300_RS12200,-1.216123163,0.000452227,3.344643123
sspC,-1.215831502,1.36E-08,7.865162087
-,-1.212597477,0.001449604,2.838750641
SAUSA300_RS14670,-1.205811174,0.002380712,2.623293205
SAUSA300_RS04570,-1.204079219,2.48E-10,9.605347817
-,-1.203940818,5.42E-07,6.266192076
SAUSA300_RS05740,-1.200605988,0.007914559,2.101573282
SAUSA300_RS11610,-1.19773797,9.82E-06,5.008029998
crcB,-1.195086543,0.006022589,2.220216778
-,-1.194385373,0.001255513,2.901178942
mnhD1,-1.192715249,4.13E-13,12.38393837
rplU,-1.191223761,8.94E-18,17.0488693
prli42,-1.1904531,0.004206064,2.3761241
SAUSA300_RS09430,-1.185751739,0.000937148,3.028191984
lpl1,-1.1849747,0.012332904,1.908934645
mnhE1,-1.183988398,5.04E-10,9.297357617
SAUSA300_RS05305,-1.183584613,6.20E-16,15.2074184
SAUSA300_RS02685,-1.182717863,0.019183423,1.717073906
-,-1.182443508,0.002538361,2.595446607
SAUSA300_RS05150,-1.181348423,2.55E-17,16.59343969
purH,-1.180654117,1.80E-18,17.74443913
SAUSA300_RS12830,-1.17994707,0.003756896,2.425170793
SAUSA300_RS00525,-1.173537455,0.000598299,3.223081591
SAUSA300_RS15810,-1.172356392,0.001589035,2.798866495
SAUSA300_RS03835,-1.171489445,1.89E-09,8.723672506
SAUSA300_RS04675,-1.171026848,1.74E-09,8.759639838
SAUSA300_RS12705,-1.168882823,4.31E-08,7.365614011
SAUSA300_RS06740,-1.164664152,2.90E-10,9.536986628
SAUSA300_RS13625,-1.163568708,3.78E-13,12.42307619
adcA,-1.158835161,1.70E-11,10.77065087
SAUSA300_RS10145,-1.156283468,5.63E-07,6.249572789
SAUSA300_RS05375,-1.155987775,2.65E-09,8.576500519
SAUSA300_RS03130,-1.154989062,4.46E-08,7.350405087
SAUSA300_RS04195,-1.154303326,2.31E-08,7.635748048
SAUSA300_RS04945,-1.152691176,3.58E-07,6.446572874
SAUSA300_RS10005,-1.152518607,0.001018236,2.992151494
SAUSA300_RS11170,-1.151308075,1.36E-17,16.86630449
SAUSA300_RS03825,-1.15040461,4.07E-07,6.389964844
SAUSA300_RS13455,-1.14706007,0.000682456,3.165925177
SAUSA300_RS09830,-1.145886042,7.35E-15,14.13351783
SAUSA300_RS14010,-1.145728244,1.75E-08,7.756575946
SAUSA300_RS03695,-1.145059574,3.35E-13,12.47434894
SAUSA300_RS00575,-1.14482598,3.03E-20,19.51804378
SAUSA300_RS11580,-1.144372707,4.80E-08,7.319140165
SAUSA300_RS09285,-1.14052133,3.40E-21,20.46883073
mraY,-1.139539528,5.25E-08,7.279830543
SAUSA300_RS15260,-1.139368959,0.001028659,2.987728506
SAUSA300_RS10165,-1.13884558,3.56E-06,5.4491552
SAUSA300_RS09580,-1.137373392,0.000291963,3.534672538
arcA,-1.135162066,1.35E-08,7.870384784
SAUSA300_RS11890,-1.131323413,0.002325189,2.633541695
-,-1.130448497,0.003641448,2.438725844
-,-1.130102,4.84E-07,6.315077931
fusA,-1.126076908,3.41E-10,9.467292175
purD,-1.126032464,4.97E-24,23.304032
SAUSA300_RS09965,-1.123974205,2.89E-08,7.539365123
treR,-1.121530397,8.69E-14,13.06079337
SAUSA300_RS09810,-1.116647873,6.30E-11,10.20077708
tuf,-1.113106202,2.39E-11,10.62196649
SAUSA300_RS07145,-1.112975006,1.91E-09,8.718134908
nirB,-1.11159905,6.63E-14,13.178677
lukG,-1.111006844,6.66E-14,13.17674081
SAUSA300_RS13845,-1.110990618,4.96E-06,5.304193708
rpoZ,-1.106784758,9.47E-07,6.023867088
trpD,-1.105004836,0.0459167,1.338029333
SAUSA300_RS13240,-1.103868985,9.71E-12,11.01273495
sdpC,-1.102644735,4.10E-07,6.386790163
SAUSA300_RS01890,-1.092615004,2.48E-16,15.60608253
aroA,-1.092209583,2.09E-18,17.67920202
SAUSA300_RS09920,-1.092090078,0.018130371,1.741593307
argS,-1.091769414,9.71E-15,14.01293977
SAUSA300_RS03110,-1.089865331,3.25E-10,9.487509061
SAUSA300_RS06900,-1.088163008,5.25E-05,4.279470967
ptsG,-1.080937105,2.93E-06,5.532855464
SAUSA300_RS04625,-1.078197333,1.37E-13,12.86207583
SAUSA300_RS02895,-1.073424022,0.00038988,3.409068811
SAUSA300_RS07915,-1.070245871,1.17E-18,17.93306227
SAUSA300_RS08670,-1.068469807,3.13E-05,4.504510533
hisC,-1.067666084,3.93E-06,5.405245733
rplO,-1.066899006,2.95E-13,12.53020831
narH,-1.063039026,3.54E-06,5.450692521
SAUSA300_RS03800,-1.055346971,2.35E-18,17.62841183
SAUSA300_RS04940,-1.053668908,3.24E-10,9.489460786
lepB,-1.053486952,5.95E-07,6.225720873
SAUSA300_RS07215,-1.051594811,0.001393625,2.855854002
SAUSA300_RS11175,-1.051467414,6.69E-06,5.174343489
SAUSA300_RS14530,-1.049489738,7.27E-05,4.138424075
SAUSA300_RS10155,-1.04596867,1.08E-07,6.965172044
SAUSA300_RS05280,-1.042125063,1.03E-14,13.98731754
SAUSA300_RS06245,-1.040436601,2.62E-08,7.581671941
rpsL,-1.039465358,4.84E-10,9.315308151
SAUSA300_RS03635,-1.03666359,0.000893758,3.048780016
thiD,-1.033149584,2.18E-18,17.66138802
opp1C,-1.03227405,0.001919867,2.716728937
recJ,-1.031555599,0.000125798,3.900324885
SAUSA300_RS04800,-1.028400524,4.05E-06,5.392322483
SAUSA300_RS09280,-1.028276964,1.24E-13,12.90629476
rpsG,-1.027744885,7.48E-08,7.12591716
SAUSA300_RS06480,-1.027388161,0.002125034,2.672634095
SAUSA300_RS01150,-1.024115623,1.26E-06,5.899628555
SAUSA300_RS00855,-1.020249242,0.000629774,3.200815578
mnhB1,-1.014963347,3.96E-12,11.40242387
SAUSA300_RS07370,-1.013976257,1.08E-08,7.965244486
SAUSA300_RS12690,-1.008960774,2.36E-08,7.626224523
splB,-1.007353442,4.53E-10,9.344315948
SAUSA300_RS11480,-1.005613436,1.53E-08,7.814009831
SAUSA300_RS14965,-1.005105168,0.00472911,2.325220596
SAUSA300_RS12870,-1.000890671,4.38E-05,4.358208836
rbsU,-1.000316491,1.89E-09,8.723118451
SAUSA300_RS12765,-0.999730075,0.010658659,1.972297436
-,-0.99962684,0.000165307,3.781709898
SAUSA300_RS01455,-0.998852889,2.50E-05,4.602739561
splC,-0.99719539,1.66E-08,7.778715464
SAUSA300_RS11485,-0.996926903,6.77E-12,11.16966255
SAUSA300_RS09915,-0.995595404,0.00095452,3.020215101
SAUSA300_RS03015,-0.995062557,2.53E-06,5.597503118
SAUSA300_RS00520,-0.994012048,0.008162997,2.08815038
SAUSA300_RS03075,-0.992446206,5.68E-06,5.246027413
rpsT,-0.991559133,0.007985147,2.097717081
SAUSA300_RS02975,-0.990775205,7.06E-06,5.151237364
SAUSA300_RS07375,-0.989651108,1.28E-07,6.894418094
SAUSA300_RS03025,-0.989510233,4.23E-08,7.373551443
SAUSA300_RS10395,-0.989483382,7.37E-12,11.13258336
SAUSA300_RS12555,-0.987854871,0.0011225,2.949813671
SAUSA300_RS04450,-0.986976111,3.04E-06,5.51652781
-,-0.9831959,3.53E-05,4.451796373
SAUSA300_RS04405,-0.982649575,1.23E-14,13.90954693
SAUSA300_RS03180,-0.981777229,1.74E-15,14.75943187
crtQ,-0.980935986,7.83E-09,8.106167772
SAUSA300_RS14555,-0.98044383,0.003171345,2.498756527
SAUSA300_RS09575,-0.978045995,0.00051968,3.284264169
SAUSA300_RS04950,-0.978024436,8.52E-13,12.06941016
mgrA,-0.973186954,3.51E-07,6.454477146
brnQ,-0.969209308,5.96E-18,17.22483084
SAUSA300_RS10025,-0.967411842,0.003832812,2.416482489
SAUSA300_RS07865,-0.964129215,0.000250609,3.60100384
SAUSA300_RS12515,-0.963804384,7.83E-16,15.10651175
SAUSA300_RS13005,-0.961989562,0.000286798,3.542423995
SAUSA300_RS09460,-0.961307178,4.82E-06,5.317286837
SAUSA300_RS09870,-0.961235841,1.58E-08,7.80144163
mnhF1,-0.961039087,4.91E-10,9.309261114
SAUSA300_RS08240,-0.959644381,1.27E-18,17.89563527
SAUSA300_RS02830,-0.957507055,4.14E-06,5.382798334
hemA,-0.957256633,4.96E-08,7.304874498
SAUSA300_RS03115,-0.95717256,9.88E-06,5.005090921
SAUSA300_RS03070,-0.953668058,1.79E-05,4.747530395
-,-0.953188493,0.000497387,3.30330521
SAUSA300_RS01080,-0.952588437,4.66E-08,7.331630556
SAUSA300_RS00555,-0.951729721,1.36E-10,9.867756726
sdrE,-0.949375674,5.30E-10,9.275363125
SAUSA300_RS11950,-0.948318092,6.64E-05,4.178106613
qoxC,-0.946073579,2.56E-07,6.592228264
SAUSA300_RS14420,-0.943466054,3.36E-05,4.473168161
SAUSA300_RS02365,-0.932932622,3.73E-07,6.427877989
SAUSA300_RS12225,-0.930974511,9.07E-07,6.042579813
isaA,-0.928072405,1.88E-12,11.72552758
qoxB,-0.92631757,2.45E-06,5.610409487
prfB,-0.92390685,5.45E-11,10.26366994
-,-0.921871298,4.66E-06,5.331148437
pknB,-0.921636885,4.08E-07,6.38973763
SAUSA300_RS11495,-0.921222378,4.88E-10,9.311284926
mtaB,-0.915327881,1.34E-12,11.87251598
-,-0.913423062,0.000319476,3.49556148
mspA,-0.913176541,0.001842575,2.734574764
SAUSA300_RS05830,-0.912295479,1.17E-07,6.930166709
SAUSA300_RS00410,-0.912054119,0.033924944,1.469480857
SAUSA300_RS13425,-0.910370388,3.07E-25,24.51331963
SAUSA300_RS02250,-0.904476331,7.16E-20,19.14530929
mnhA1,-0.904399157,8.65E-11,10.06285827
SAUSA300_RS02655,-0.903501961,0.000580581,3.236137547
SAUSA300_RS12965,-0.902675829,4.14E-07,6.383187975
-,-0.902480505,0.002144814,2.668610291
SAUSA300_RS03240,-0.898423492,3.56E-10,9.448274717
parC,-0.896622467,1.07E-11,10.9721261
SAUSA300_RS00490,-0.896492233,0.017421121,1.758923894
-,-0.89601257,0.004487934,2.347953556
SAUSA300_RS04960,-0.895389802,8.50E-11,10.07050301
SAUSA300_RS00850,-0.894327352,0.000379237,3.421089458
SAUSA300_RS00515,-0.893560889,0.001113134,2.953452674
SAUSA300_RS09315,-0.892134028,6.40E-08,7.194071173
SAUSA300_RS03040,-0.888338034,3.28E-05,4.484516116
SAUSA300_RS00845,-0.887219759,0.007067355,2.150743075
SAUSA300_RS04705,-0.885426093,4.96E-05,4.304524522
SAUSA300_RS09995,-0.882023518,0.040837803,1.388937633
SAUSA300_RS02150,-0.877730661,0.002839503,2.546757611
acpS,-0.877652232,1.01E-07,6.995074752
lepB,-0.876245595,0.001614271,2.79202351
SAUSA300_RS08235,-0.874391762,2.07E-07,6.683238307
tpiA,-0.871833266,1.07E-05,4.96872547
SAUSA300_RS10855,-0.871245287,1.60E-06,5.796134467
SAUSA300_RS01125,-0.870028581,9.71E-09,8.012735577
qoxD,-0.868826085,3.14E-05,4.503559493
SAUSA300_RS01025,-0.865829038,7.58E-06,5.12030913
pnp,-0.865583293,3.12E-09,8.505380542
SAUSA300_RS14660,-0.862434516,0.002468643,2.607541763
SAUSA300_RS01810,-0.861265594,0.002396007,2.620511944
mnhC1,-0.858815455,1.77E-13,12.75088095
SAUSA300_RS04065,-0.856186126,3.90E-07,6.40928791
putP,-0.855492107,3.00E-06,5.523180305
rsmA,-0.85532795,1.35E-08,7.869650497
-,-0.855268145,0.003533655,2.451775876
murA,-0.855205594,2.96E-07,6.528696825
ggt,-0.855059673,1.32E-05,4.879653286
pflA,-0.854366722,2.28E-11,10.64271848
SAUSA300_RS01710,-0.853940644,2.03E-06,5.691721745
argF,-0.853128213,0.009517237,2.021489117
aroB,-0.851982223,4.50E-06,5.346606544
SAUSA300_RS05145,-0.850350468,2.69E-12,11.57044083
kdpB,-0.849872823,0.000514072,3.288976333
mecA,-0.845554313,5.90E-12,11.22886217
tarA,-0.843760038,0.000258577,3.58741076
SAUSA300_RS12450,-0.843689732,2.00E-16,15.69796709
lysA,-0.841440842,1.88E-09,8.7249662
ureC,-0.839376625,0.008041326,2.094672339
lspA,-0.836543129,4.33E-06,5.363248259
SAUSA300_RS13285,-0.834492694,5.10E-06,5.292252959
SAUSA300_RS08820,-0.834042814,1.15E-05,4.940583872
SAUSA300_RS01140,-0.832562212,1.45E-06,5.839876598
SAUSA300_RS13165,-0.832305082,0.011758395,1.929651944
SAUSA300_RS01145,-0.832221473,0.000114152,3.94251648
brnQ,-0.831170221,3.54E-07,6.45066992
SAUSA300_RS01955,-0.829399375,0.019601633,1.707707736
cap8E,-0.828334514,0.005101609,2.292292832
rpsB,-0.826817095,3.05E-10,9.515181329
pflB,-0.824732054,1.20E-10,9.920069136
SAUSA300_RS09320,-0.823499975,1.23E-05,4.910276224
gmk,-0.823309672,9.99E-10,9.000309495
fmtA,-0.823282209,1.21E-05,4.915449458
-,-0.820876647,4.40E-05,4.356835468
SAUSA300_RS02280,-0.819582494,0.020300335,1.69249679
SAUSA300_RS08610,-0.818069923,0.002249809,2.647854415
qoxA,-0.817212724,3.93E-05,4.406067874
SAUSA300_RS12195,-0.813871264,0.000366896,3.435456734
SAUSA300_RS12210,-0.813492761,4.09E-10,9.388468011
lukH,-0.812505586,0.000461803,3.335543657
SAUSA300_RS07910,-0.810669279,7.08E-05,4.150156141
alsS,-0.810530315,0.001235586,2.908126972
SAUSA300_RS10370,-0.810352336,3.40E-06,5.468176317
SAUSA300_RS14405,-0.81034992,0.036760714,1.434616063
SAUSA300_RS12820,-0.808339807,3.70E-06,5.431993506
rseP,-0.807963281,5.81E-11,10.23547588
arlS,-0.8078918,5.55E-11,10.25596669
SAUSA300_RS09815,-0.80679718,0.001819322,2.740090389
cap8F,-0.804695114,0.006767217,2.169589872
SAUSA300_RS03150,-0.803345166,0.033574635,1.4739887
SAUSA300_RS01650,-0.802578369,0.001433697,2.843542485
aroC,-0.800331671,3.13E-06,5.504531708
SAUSA300_RS01130,-0.799170905,0.02903625,1.537059479
SAUSA300_RS01540,-0.798602515,3.71E-06,5.430734279
SAUSA300_RS05115,-0.796910153,0.001060251,2.974591187
-,-0.795695211,0.042743928,1.369125567
SAUSA300_RS15095,-0.794733722,0.003639991,2.438899663
rpoE,-0.794555335,1.85E-11,10.73193829
SAUSA300_RS13330,-0.793671971,0.000575335,3.240079205
SAUSA300_RS05775,-0.793030939,0.000250364,3.601428467
adhE,-0.792843025,5.75E-11,10.24008886
SAUSA300_RS08960,-0.787555702,0.001493732,2.82572737
SAUSA300_RS13440,-0.787548565,0.046360232,1.3338544
SAUSA300_RS13245,-0.786418164,1.78E-09,8.749393283
SAUSA300_RS07140,-0.785812882,4.01E-09,8.396370672
SAUSA300_RS03815,-0.778497434,9.06E-05,4.042736362
SAUSA300_RS03020,-0.776975752,9.81E-05,4.008461989
lmrS,-0.770032832,3.77E-08,7.423232356
SAUSA300_RS10000,-0.767328998,0.00376399,2.424351495
SAUSA300_RS02325,-0.766125107,0.004183601,2.378449726
nirD,-0.765738306,0.010417142,1.982251399
SAUSA300_RS01215,-0.764717411,1.99E-06,5.700236321
SAUSA300_RS01115,-0.764588998,0.000118597,3.925927913
SAUSA300_RS04265,-0.761933269,1.89E-06,5.723621121
SAUSA300_RS13160,-0.759216551,4.70E-05,4.327441679
SAUSA300_RS04135,-0.759096574,0.047962729,1.31909611
SAUSA300_RS03560,-0.758679024,8.83E-05,4.053814893
SAUSA300_RS05580,-0.758098849,9.47E-09,8.023490067
gpmI,-0.75782036,4.78E-05,4.32080998
cap8G,-0.757569669,0.002198286,2.657915725
murD,-0.757381205,5.52E-12,11.25809525
brnQ,-0.756562804,0.000775447,3.110447688
folP,-0.754196507,0.000197282,3.704911676
SAUSA300_RS06020,-0.753962725,8.75E-05,4.05820805
asnS,-0.752493871,8.27E-14,13.08233018
srrA,-0.751910612,2.43E-14,13.61434835
SAUSA300_RS07470,-0.749506046,5.70E-05,4.243793203
SAUSA300_RS08725,-0.748262761,2.79E-08,7.55504683
SAUSA300_RS03200,-0.748057094,0.0027867,2.554909771
SAUSA300_RS03210,-0.743110511,0.004158801,2.381031835
SAUSA300_RS11165,-0.742855349,4.39E-07,6.357789254
SAUSA300_RS09275,-0.740431279,1.40E-11,10.85317365
SAUSA300_RS01020,-0.737091458,0.004614908,2.335836921
SAUSA300_RS03485,-0.73347599,8.54E-08,7.068535213
proC,-0.733103785,2.45E-10,9.611355002
SAUSA300_RS04105,-0.732831032,0.004034745,2.39418392
SAUSA300_RS11330,-0.732727608,1.65E-05,4.783200994
SAUSA300_RS08565,-0.730230423,0.00581763,2.2352539
SAUSA300_RS13325,-0.730185064,5.80E-05,4.236212369
SAUSA300_RS09665,-0.729154448,0.004535356,2.343388653
SAUSA300_RS12485,-0.728357749,5.40E-08,7.267763416
SAUSA300_RS12685,-0.728153925,2.61E-10,9.583198958
SAUSA300_RS15930,-0.722567143,0.02760142,1.55906858
thiI,-0.722550724,0.000902838,3.044390271
SAUSA300_RS09135,-0.716830179,0.02514614,1.599528679
SAUSA300_RS13000,-0.715459471,0.000232549,3.633486149
SAUSA300_RS02255,-0.713733914,2.01E-08,7.697512663
scpA,-0.708666553,0.004908711,2.309032542
SAUSA300_RS13450,-0.70756305,0.000377799,3.42273898
SAUSA300_RS01700,-0.706863653,0.001845286,2.73393628
sak,-0.705950112,4.07E-07,6.390744115
SAUSA300_RS09085,-0.701080012,6.69E-05,4.174567992
fakB2,-0.700887374,2.50E-08,7.601573658
SAUSA300_RS12575,-0.696810199,7.73E-07,6.111604217
SAUSA300_RS07920,-0.694579251,0.018883024,1.723928453
SAUSA300_RS01100,-0.69281159,0.018665138,1.728968803
sdpB,-0.691339151,0.001753353,2.756130731
SAUSA300_RS12770,-0.690060572,0.012859482,1.890776511
yqeK,-0.688995721,6.74E-07,6.171288437
-,-0.68716803,0.003156619,2.500777886
SAUSA300_RS03935,-0.68588077,7.45E-08,7.127903158
SAUSA300_RS09860,-0.682662918,0.046629802,1.33133643
SAUSA300_RS12565,-0.682000428,6.14E-05,4.212022298
SAUSA300_RS08850,-0.681745349,5.28E-07,6.277393329
SAUSA300_RS01665,-0.679304691,0.018020575,1.744231359
rnhC,-0.679044542,0.003813471,2.418679583
ligA,-0.67417188,1.06E-07,6.975014589
SAUSA300_RS13950,-0.674148161,0.00601935,2.220450395
SAUSA300_RS05260,-0.673749675,0.006551805,2.183639035
SAUSA300_RS08665,-0.673610532,5.40E-11,10.26754495
SAUSA300_RS10015,-0.671002373,0.000646384,3.189509547
SAUSA300_RS05185,-0.669539921,1.68E-05,4.773591517
SAUSA300_RS12795,-0.667771222,0.006813335,2.166640277
SAUSA300_RS06225,-0.664849405,0.002206849,2.656227409
SAUSA300_RS08845,-0.663631366,0.036943192,1.432465581
SAUSA300_RS12735,-0.660136564,0.000442634,3.353955098
SAUSA300_RS01240,-0.659115235,7.76E-08,7.109882158
rpmJ,-0.659019744,3.66E-05,4.436338775
SAUSA300_RS13025,-0.657641862,0.000493186,3.306988982
SAUSA300_RS12020,-0.657586982,7.00E-07,6.155092916
rpsM,-0.653272211,1.99E-07,6.70045656
SAUSA300_RS15975,-0.653261777,0.020813697,1.681650781
crtM,-0.651497862,0.00032177,3.492453798
SAUSA300_RS11235,-0.650023673,0.001029592,2.987334775
SAUSA300_RS01870,-0.649644802,1.98E-05,4.703159035
mdeA,-0.648880799,0.003119547,2.505908459
SAUSA300_RS05910,-0.64871905,7.52E-05,4.124048456
SAUSA300_RS13460,-0.648479471,0.012884541,1.889931054
SAUSA300_RS09980,-0.647540711,0.03518517,1.453640352
queG,-0.646690736,0.000141042,3.850651657
cdaA,-0.645701572,0.000952573,3.021101843
infA,-0.645367119,9.37E-07,6.028132664
SAUSA300_RS11350,-0.642607983,2.81E-06,5.551437834
SAUSA300_RS04280,-0.637377269,0.012093584,1.917444981
SAUSA300_RS12325,-0.636463751,0.017840067,1.748603526
SAUSA300_RS00560,-0.634781551,0.000769621,3.113723167
rnz,-0.630625551,0.002499528,2.602141929
rpsK,-0.629318708,1.01E-08,7.995071501
SAUSA300_RS13855,-0.627755071,0.028073781,1.551699094
SAUSA300_RS05495,-0.627389591,0.025908027,1.586565664
rpsO,-0.627036376,0.001214541,2.915587685
SAUSA300_RS11635,-0.626257348,0.004580614,2.339076295
SAUSA300_RS03490,-0.623449693,0.000219554,3.65845793
femX,-0.621413338,2.26E-05,4.645027763
SAUSA300_RS04620,-0.618829672,0.000891468,3.049894252
sfaB,-0.61854543,0.009529942,2.020909725
SAUSA300_RS08485,-0.6175379,8.91E-05,4.050009265
yihA,-0.616864823,0.001558131,2.807395982
SAUSA300_RS13485,-0.61606244,0.040042185,1.39748223
SAUSA300_RS03185,-0.615737142,5.98E-05,4.22364037
trmL,-0.614269648,0.006322493,2.199111649
atpD,-0.612196893,0.000190544,3.720004058
SAUSA300_RS04635,-0.610673942,0.001016581,2.99285789
SAUSA300_RS09150,-0.608501856,0.000470546,3.327397561
mtnN,-0.60638984,0.000104125,3.982444322
SAUSA300_RS14400,-0.606161915,6.80E-05,4.167611489
secY,-0.604965562,9.85E-09,8.006665243
SAUSA300_RS08435,-0.604792601,0.014442713,1.840351224
SAUSA300_RS07150,-0.604642288,3.42E-07,6.465588011
SAUSA300_RS12045,-0.603966539,3.26E-07,6.486752893
SAUSA300_RS10125,-0.602561536,0.00158431,2.800159746
parE,-0.602224277,5.28E-06,5.277171155
SAUSA300_RS01325,-0.601532358,0.000116063,3.93530702
sigS,-0.600561767,0.018412329,1.734891277
SAUSA300_RS13720,-0.599693164,0.000900251,3.045636174
SAUSA300_RS11355,-0.598683167,0.000267457,3.572746126
atpG,-0.597039216,4.12E-05,4.38545052
SAUSA300_RS06260,-0.595811637,9.06E-06,5.042633209
cls,-0.590751838,6.47E-08,7.188995784
SAUSA300_RS14145,-0.589630967,0.01409777,1.850849568
SAUSA300_RS02480,-0.588842579,0.0001316,3.880743733
SAUSA300_RS04795,-0.588670016,0.020751874,1.682942685
splA,-0.587413615,0.002577304,2.588834389
nrdR,-0.583326884,0.004735661,2.324619431
tadA,-0.583085354,0.006972349,2.15662089
-,-0.580937289,0.029325837,1.532749589
rpmG,-0.57953981,0.000103795,3.983825081
SAUSA300_RS05500,-0.578988454,0.037659632,1.424123932
rbsD,-0.578140572,0.000881128,3.054961045
SAUSA300_RS09520,-0.57597699,0.032786341,1.484307044
SAUSA300_RS04145,-0.574986695,0.016212808,1.790141753
SAUSA300_RS01715,-0.574966172,0.025550163,1.592606333
SAUSA300_RS05290,-0.57455354,2.92E-06,5.534063157
hxlA,-0.572702408,0.013325358,1.875321122
murQ,-0.569761111,0.042607638,1.370512539
SAUSA300_RS11740,-0.565758645,0.003082207,2.511138163
SAUSA300_RS03175,-0.564762866,0.016793988,1.774846165
SAUSA300_RS03495,-0.56456461,0.000154516,3.811025746
atpA,-0.559804394,0.000255089,3.593308445
SAUSA300_RS00945,-0.559482224,0.001335403,2.874387771
rpsI,-0.557804965,0.000294426,3.531023766
rplM,-0.556764307,1.62E-05,4.790077548
SAUSA300_RS09210,-0.555567232,2.50E-05,4.602692745
SAUSA300_RS03095,-0.554239802,0.000958278,3.01850835
-,-0.5541204,0.022723608,1.643522721
SAUSA300_RS00580,-0.553291909,1.02E-06,5.991176391
SAUSA300_RS04310,-0.551877085,0.000101025,3.995571364
SAUSA300_RS01655,-0.548574823,8.76E-05,4.057443119
gatB,-0.547714878,2.71E-08,7.566479147
tig,-0.545700792,4.18E-06,5.379291459
gltX,-0.541423369,0.005552703,2.255495534
SAUSA300_RS12235,-0.540627047,0.03657266,1.436843452
SAUSA300_RS07925,-0.540218398,0.026380428,1.578718169
SAUSA300_RS01355,-0.540157509,0.000501349,3.299859858
SAUSA300_RS00245,-0.539707781,6.98E-08,7.155836954
rsmB,-0.539645393,2.60E-07,6.585070743
fmt,-0.538983752,0.000522283,3.282093987
hemC,-0.536323458,0.021567413,1.666201952
modA,-0.535405865,0.000875852,3.05756929
SAUSA300_RS04965,-0.535062492,1.54E-05,4.812183912
SAUSA300_RS13795,-0.533594393,9.88E-05,4.005405047
SAUSA300_RS03215,-0.530973103,0.025342367,1.596152816
arsB,-0.530132929,0.004821416,2.316825376
miaB,-0.529265442,0.000655698,3.183295913
tsaE,-0.529080553,0.007562973,2.121307468
SAUSA300_RS06770,-0.526786742,8.82E-05,4.054305277
SAUSA300_RS03990,-0.52042798,0.007975205,2.098258147
SAUSA300_RS02590,-0.520275299,0.004608564,2.336434376
mupG,-0.518394655,0.025139065,1.599650876
dtd,-0.515610245,3.54E-06,5.450891112
alr,-0.512446,0.000293172,3.532877035
SAUSA300_RS04260,-0.511483484,0.001893681,2.722693207
cls,-0.510068717,1.39E-05,4.858190561
SAUSA300_RS02880,-0.509983157,0.000461501,3.335827456
SAUSA300_RS10445,-0.50766818,0.048700721,1.31246461
SAUSA300_RS08780,-0.507081537,0.015013024,1.823531816
SAUSA300_RS07380,-0.505483091,0.000163078,3.787605207
SAUSA300_RS02455,-0.504746178,0.010299381,1.987188855
SAUSA300_RS02465,-0.503194141,0.001428005,2.845270317
sfaC,-0.501430608,0.010472384,1.979954457
SAUSA300_RS08655,-0.501369692,0.000635323,3.197005763
SAUSA300_RS03255,-0.500707814,0.042863093,1.367916491
yqeH,-0.500535805,0.002727922,2.564167988
SAUSA300_RS05000,-0.500410161,0.040688557,1.390527708
SAUSA300_RS04560,-0.499640155,0.000199593,3.699855428
secE,-0.499362618,0.000281887,3.549924248
SAUSA300_RS02890,-0.497969448,0.020839664,1.681109277
gcvH,-0.496379688,0.027206288,1.565330706
tmk,-0.492912076,0.042751236,1.36905133
SAUSA300_RS10120,-0.492158605,0.000191563,3.717689416
SAUSA300_RS02370,-0.488873306,0.033101563,1.480151501
SAUSA300_RS01120,-0.488326478,0.038251965,1.417346252
cozEa,-0.487535167,0.00416956,2.379909735
SAUSA300_RS02905,-0.485456423,0.00398198,2.399900961
SAUSA300_RS03690,-0.485112104,8.92E-05,4.049679868
SAUSA300_RS09225,-0.484772605,0.001799741,2.74479004
rplQ,-0.484233851,0.000838596,3.076447068
groES,-0.483619599,0.000338433,3.47052707
eno,-0.482318233,0.000322329,3.491700466
atpE,-0.482022218,0.00295507,2.529432269
ndk,-0.479260017,0.004407059,2.355851111
SAUSA300_RS02885,-0.478824949,0.001832468,2.7369635
fakA,-0.477544266,1.02E-05,4.989532939
-,-0.477258807,0.043430203,1.362208141
SAUSA300_RS11900,-0.476008948,0.005416478,2.266283045
SAUSA300_RS07265,-0.474835644,0.000104891,3.979260585
atpB,-0.473453147,4.35E-05,4.361394048
ylqF,-0.472075146,0.007839363,2.105719202
SAUSA300_RS11370,-0.470422678,0.001455172,2.837085628
SAUSA300_RS12305,-0.470124604,0.000869628,3.060666605
SAUSA300_RS05515,-0.468565726,0.006440946,2.191050342
sigB,-0.468452189,0.006083321,2.215859238
SAUSA300_RS07285,-0.467225276,0.007830802,2.106193757
der,-0.466250918,2.04E-07,6.690411146
SAUSA300_RS09715,-0.464550291,0.004680653,2.32969359
dnaB,-0.46443866,0.000373505,3.42770377
SAUSA300_RS05255,-0.464275112,0.047001679,1.327886627
SAUSA300_RS07185,-0.460786355,0.00013142,3.881337593
SAUSA300_RS12570,-0.458396592,0.00197606,2.704199979
SAUSA300_RS03480,-0.45597219,0.023963984,1.620440971
lysS,-0.454076561,8.76E-06,5.057413973
SAUSA300_RS02815,-0.452194278,0.000281556,3.550434543
accB,-0.450178426,0.002813564,2.550743128
truB,-0.45002956,0.01891897,1.723102511
rplK,-0.444159727,0.004593297,2.337875439
SAUSA300_RS09070,-0.443790177,0.049393154,1.306333244
SAUSA300_RS09780,-0.443478885,0.003879327,2.411243564
SAUSA300_RS09175,-0.443415698,0.004918353,2.308180295
dnaX,-0.440101026,0.000591135,3.228313496
SAUSA300_RS02475,-0.438105908,0.002207079,2.656182135
SAUSA300_RS09740,-0.434719368,0.043301034,1.363501731
SAUSA300_RS01615,-0.434244918,0.038419488,1.415448424
SAUSA300_RS11490,-0.43222277,0.024222367,1.615783414
folK,-0.431816646,0.00278543,2.55510781
nagE,-0.424775221,0.004801895,2.318587334
rlmN,-0.41967118,0.000408753,3.388539523
SAUSA300_RS02260,-0.41739924,0.007201194,2.142595481
SAUSA300_RS06000,-0.41103156,0.018255864,1.738597613
SAUSA300_RS13585,-0.407658511,0.011225132,1.949808548
ychF,-0.402057638,0.000813545,3.089618539
SAUSA300_RS01420,-0.400599941,0.025062255,1.600979858
SAUSA300_RS01920,-0.398792199,0.010081359,1.996480937
SAUSA300_RS13180,-0.396157498,0.002766108,2.558130853
SAUSA300_RS13545,-0.394153414,0.013229722,1.878449266
gtxA,-0.393493087,0.035009192,1.455817911
SAUSA300_RS03500,-0.389996746,0.042674164,1.369834978
SAUSA300_RS12165,-0.389311483,0.007568396,2.120996126
hslO,-0.388307525,0.016350982,1.78645617
SAUSA300_RS08225,-0.387940515,0.01196448,1.922106182
sirC,-0.384828496,0.000647527,3.18874204
greA,-0.383787673,0.00059697,3.224047516
SAUSA300_RS12340,-0.383753461,0.016526443,1.781820598
serS,-0.383188613,0.000116449,3.933863548
gatA,-0.380257808,0.000754058,3.122595075
SAUSA300_RS06050,-0.378598939,0.00162105,2.790203567
SAUSA300_RS12580,-0.37727291,0.028816188,1.540363477
mfd,-0.373433754,0.004791792,2.319502015
rbsK,-0.370586046,0.016925264,1.771464556
SAUSA300_RS11390,-0.36924424,0.008557182,2.067669213
rplI,-0.368903397,0.004080654,2.389270214
treP,-0.368529121,0.005064421,2.295470161
prmC,-0.363992432,0.034207266,1.465881633
SAUSA300_RS10375,-0.363059971,0.045218806,1.344680905
SAUSA300_RS03930,-0.359144976,0.001024248,2.989594722
copZ,-0.358542663,0.002770524,2.557438089
SAUSA300_RS04305,-0.358514411,0.036191666,1.441391427
arlR,-0.354776763,0.029511206,1.530013046
prfA,-0.339940279,0.034998768,1.455947244
SAUSA300_RS07260,-0.337628348,0.007633935,2.11725156
SAUSA300_RS13310,-0.336155101,0.032308801,1.490679154
SAUSA300_RS09230,-0.334784499,0.014577978,1.83630271
SAUSA300_RS00070,-0.333117795,0.00084331,3.074012958
SAUSA300_RS11415,-0.332676393,0.049412482,1.306163334
SAUSA300_RS14595,-0.331172467,0.002014604,2.695810285
rpmA,-0.323738539,0.008127743,2.090030043
SAUSA300_RS11250,-0.31095208,0.014854788,1.828133553
rplA,-0.307947284,0.018737735,1.727282917
SAUSA300_RS07435,-0.307133902,0.015664738,1.805076874
SAUSA300_RS05845,-0.290007959,0.023762613,1.624105798
tagG,-0.284913021,0.030749784,1.512157924
atl,-0.282467587,0.007947656,2.099760965
SAUSA300_RS06265,-0.277967668,0.008015726,2.096057153
SAUSA300_RS08285,-0.273233639,0.026824523,1.571467995
SAUSA300_RS04115,-0.261423928,0.040054823,1.397345182
gdpP,-0.238608139,0.013630813,1.865478227
SAUSA300_RS04495,-0.233197708,0.041470193,1.382263946
SAUSA300_RS01330,-0.218819742,0.037275048,1.428581793
SAUSA300_RS02875,0.184098243,0.045233387,1.34454089
pta,0.235677425,0.040103831,1.396814143
SAUSA300_RS11220,0.24611621,0.029734128,1.526744787
efp,0.253489147,0.038436414,1.415257142
SAUSA300_RS02005,0.253596289,0.049962547,1.30135543
SAUSA300_RS09775,0.272421203,0.008072086,2.093014206
dltB,0.272550954,0.007724347,2.112138218
SAUSA300_RS03375,0.274589161,0.014157435,1.849015412
SAUSA300_RS07950,0.291839327,0.0224827,1.648151526
mprF,0.29513658,0.027926207,1.553988046
SAUSA300_RS14225,0.296571493,0.017820799,1.749072824
xerC,0.297837048,0.007968964,2.09859813
SAUSA300_RS03515,0.322742515,0.042107173,1.375643917
hssS,0.322846389,0.040510734,1.392429883
SAUSA300_RS13790,0.326663686,0.002741483,2.562014375
sdrM,0.340438221,0.010302972,1.987037465
SAUSA300_RS10280,0.341062082,0.004948836,2.305496925
SAUSA300_RS09220,0.344919569,0.041465061,1.382317696
SAUSA300_RS08315,0.351724921,0.013437431,1.871683759
-,0.352825857,0.027833457,1.555432845
tsf,0.356581444,0.001496788,2.824839839
SAUSA300_RS03785,0.362719021,0.000204249,3.68984106
ccpA,0.365285674,0.003388339,2.470013122
argF,0.367493591,0.030712416,1.512686018
SAUSA300_RS09350,0.372718541,7.18E-05,4.143628184
SAUSA300_RS04500,0.373916688,0.007592418,2.119619885
folE2,0.376341561,0.030396711,1.517173401
tarB,0.383298287,0.01353494,1.868543662
pfkA,0.38580321,0.029250991,1.533859417
SAUSA300_RS07850,0.386599836,0.010939298,1.96101056
SAUSA300_RS03055,0.386643391,0.000945572,3.024305237
fabD,0.3875356,0.04328547,1.363657867
SAUSA300_RS10965,0.387709015,0.031090444,1.507373076
pmtC,0.388352689,0.027914214,1.554174591
tagD,0.389024262,0.016824871,1.774048264
pgeF,0.391256541,0.004913937,2.308570457
ltaS,0.393401599,0.001566218,2.805147774
SAUSA300_RS08085,0.401439559,0.019659636,1.706424526
dltA,0.401931253,0.001764765,2.753313169
SAUSA300_RS08785,0.401989305,0.001644591,2.783942085
SAUSA300_RS09235,0.407767051,0.027136571,1.566445038
saeR,0.410373296,0.000635291,3.197026974
SAUSA300_RS07890,0.410412516,0.000376018,3.424791411
SAUSA300_RS08045,0.411195951,0.000547091,3.261940314
mnmG,0.416200737,0.008412486,2.075075622
SAUSA300_RS11925,0.416900977,0.012804633,1.892632881
SAUSA300_RS11400,0.424363088,0.008540419,2.068520821
-,0.429501516,0.044533084,1.351317228
SAUSA300_RS04300,0.434664395,0.013541708,1.868326566
SAUSA300_RS04670,0.437753783,0.011245239,1.949031306
cap8P,0.441415729,0.044715238,1.349544449
msaA,0.444056149,0.044721018,1.349488319
mnmE,0.444201448,0.026796481,1.571922233
SAUSA300_RS08265,0.444821586,0.047842556,1.320185626
SAUSA300_RS12835,0.449351283,0.003384505,2.470504779
tatC,0.449975184,0.033442039,1.475707248
hemE,0.450888045,0.008053881,2.093994766
sfaD,0.456550529,0.00500683,2.300437121
alaS,0.460129506,0.031438467,1.502538642
rsgA,0.463892352,0.001296587,2.887198436
SAUSA300_RS05345,0.464206909,0.042566328,1.370933817
fmhA,0.464700578,0.033505529,1.474883522
SAUSA300_RS07360,0.467818985,0.00242574,2.615155812
SAUSA300_RS08365,0.470326014,0.000168371,3.773732379
pyk,0.475121708,6.39E-05,4.194344819
SAUSA300_RS09455,0.476383597,0.000327445,3.484861935
SAUSA300_RS10080,0.477924079,0.000170924,3.767197983
ffh,0.478422645,0.005433419,2.264926815
uhpT,0.486762628,0.000361944,3.441358379
SAUSA300_RS10215,0.487224385,0.002558918,2.591943609
SAUSA300_RS00200,0.488519613,0.015934146,1.797671209
SAUSA300_RS11960,0.489048908,0.003329726,2.47759156
graX,0.489450609,4.19E-05,4.377484583
SAUSA300_RS14005,0.491067595,0.023630474,1.626527575
SAUSA300_RS00090,0.491883998,0.00585536,2.232446374
SAUSA300_RS10960,0.493290144,0.005803857,2.236283274
SAUSA300_RS08065,0.494927205,4.48E-05,4.34910859
SAUSA300_RS03360,0.499421012,0.013427882,1.871992488
SAUSA300_RS08140,0.500891594,9.12E-05,4.040159568
SAUSA300_RS12630,0.502265417,0.000245884,3.609269708
SAUSA300_RS04710,0.50306601,0.010088055,1.99619258
SAUSA300_RS14000,0.505028929,0.002323645,2.633830201
rlmD,0.505625713,0.014246278,1.846298571
SAUSA300_RS04535,0.505996586,0.001238998,2.906929464
hrcA,0.509435932,0.003863963,2.41296705
-,0.512217296,0.019192297,1.716873045
SAUSA300_RS02765,0.51235835,0.027914881,1.554164221
SAUSA300_RS11225,0.512546469,7.99E-05,4.097506349
coaW,0.512873455,0.001546256,2.810718575
SAUSA300_RS10520,0.514433078,0.048589714,1.313455661
SAUSA300_RS04020,0.51532006,0.003159721,2.500351256
SAUSA300_RS01265,0.520188726,0.001907568,2.719520019
racE,0.531562869,0.017839516,1.748616939
polA,0.534671472,0.004140604,2.382936333
SAUSA300_RS07490,0.535155292,0.000380238,3.419944271
SAUSA300_RS01395,0.536142282,0.047403909,1.324185847
SAUSA300_RS14580,0.536303749,0.002664877,2.574322889
sgtB,0.536720839,0.001124302,2.949116998
SAUSA300_RS12730,0.537781601,0.000252862,3.597116145
SAUSA300_RS07840,0.539358074,0.011148056,1.952800866
SAUSA300_RS01690,0.539744811,0.002102908,2.67717981
SAUSA300_RS13605,0.541309865,0.042006504,1.376683466
SAUSA300_RS02935,0.542246108,8.04E-06,5.094914559
czrB,0.543048706,0.010257915,1.988940918
SAUSA300_RS08095,0.543954041,0.018994471,1.721372803
SAUSA300_RS14195,0.544458408,0.004443001,2.352323618
SAUSA300_RS03900,0.546167652,0.011504441,1.939134485
saeS,0.551804922,2.87E-07,6.541633286
SAUSA300_RS10400,0.553197809,0.002673815,2.572868669
SAUSA300_RS01785,0.55452935,0.047390294,1.324310601
rsp,0.56080265,4.10E-05,4.387103204
yabA,0.561165152,0.001850211,2.732778766
SAUSA300_RS07160,0.561919389,0.005195921,2.284337496
SAUSA300_RS11755,0.562840852,0.018435322,1.734349283
SAUSA300_RS09015,0.565171047,0.007852695,2.104981269
SAUSA300_RS11965,0.565203627,0.000355491,3.449171926
SAUSA300_RS13020,0.566157909,0.049249517,1.307598027
SAUSA300_RS16090,0.566376129,0.028469552,1.545619366
SAUSA300_RS08580,0.566458962,0.000459147,3.338048392
ribB,0.566669038,0.021766054,1.662220304
SAUSA300_RS12695,0.567987467,0.01156441,1.936876512
panC,0.568112145,0.002774814,2.556766115
-,0.571504775,0.042880982,1.367735277
SAUSA300_RS13155,0.572489786,0.000273624,3.562845263
rapZ,0.574322926,0.003196658,2.495303826
sdaAA,0.574588978,0.026423166,1.578015153
SAUSA300_RS06345,0.57574105,0.020096395,1.696881831
yidD,0.576658642,0.001254363,2.901576666
-,0.578401028,0.002809379,2.551389655
SAUSA300_RS13875,0.578695566,0.018640745,1.729536741
moaC,0.579841871,1.30E-05,4.885472552
SAUSA300_RS13275,0.580297773,0.039325403,1.405326813
SAUSA300_RS12535,0.581269096,0.001793516,2.746294667
SAUSA300_RS13930,0.581959527,0.008748756,2.058053698
murC,0.584855116,0.000728149,3.137779703
fabI,0.586558548,0.002806984,2.551759998
SAUSA300_RS06660,0.588889939,6.89E-08,7.16161126
noc,0.590843149,0.000230918,3.636541767
ptsG,0.591378148,0.003204028,2.494303649
SAUSA300_RS07600,0.592439561,0.021264482,1.672345183
SAUSA300_RS11825,0.593455918,0.020500351,1.688238699
SAUSA300_RS12415,0.59349604,9.80E-05,4.008578274
SAUSA300_RS00220,0.595896593,0.000196828,3.705912126
SAUSA300_RS01305,0.596232392,0.002685431,2.570986071
fabF,0.603180677,0.015631599,1.805996607
-,0.603794154,0.000540084,3.267538316
SAUSA300_RS03390,0.605982124,1.72E-07,6.764679565
SAUSA300_RS04220,0.611952049,0.031169037,1.506276612
SAUSA300_RS02745,0.612568926,5.70E-08,7.244010489
-,0.613481897,0.0017896,2.74724408
mgtE,0.613678521,0.00298502,2.5250528
SAUSA300_RS02495,0.615651548,0.035609459,1.448434622
rarD,0.616653495,4.88E-05,4.31152351
SAUSA300_RS12885,0.619937459,0.011023039,1.957698664
SAUSA300_RS07655,0.62110387,0.016508752,1.78228575
arsC,0.622526161,0.008739757,2.058500626
rpoC,0.624807949,9.58E-05,4.018443922
SAUSA300_RS02425,0.624920622,0.002692306,2.569875506
yycF,0.624952848,7.77E-07,6.109420786
SAUSA300_RS04970,0.625048868,0.000135309,3.868673867
mreC,0.625149057,2.25E-05,4.64867924
SAUSA300_RS13765,0.625322956,0.023446081,1.629929734
SAUSA300_RS12635,0.626055957,0.025968536,1.585552538
-,0.627048722,0.001593615,2.797616577
SAUSA300_RS06365,0.628774946,0.000785392,3.104913554
trmB,0.629100168,2.15E-06,5.668399934
SAUSA300_RS00160,0.629498715,0.001110085,2.954643604
rsmG,0.631439848,0.000523079,3.281432843
SAUSA300_RS12845,0.631542689,0.005464066,2.262484027
SAUSA300_RS03620,0.631646769,0.04519244,1.344934209
SAUSA300_RS13995,0.632650103,3.61E-05,4.443057624
SAUSA300_RS11440,0.63355864,3.91E-06,5.407277233
SAUSA300_RS09165,0.634589396,5.05E-06,5.29673772
SAUSA300_RS04255,0.635270823,0.002070965,2.68382732
rpsN,0.63579656,7.35E-06,5.133698082
arcC,0.63733003,0.003636154,2.439357724
SAUSA300_RS04920,0.638832857,0.000146916,3.832930826
SAUSA300_RS02860,0.641913946,2.19E-06,5.65986015
SAUSA300_RS00170,0.642652871,6.21E-13,12.20697169
SAUSA300_RS11955,0.648452952,0.000295121,3.53000049
SAUSA300_RS05655,0.650099641,0.001184938,2.926304341
SAUSA300_RS10970,0.653025399,7.36E-07,6.133072582
SAUSA300_RS03165,0.657033902,0.003849458,2.414600395
SAUSA300_RS05250,0.657786826,0.000441542,3.355028254
SAUSA300_RS00950,0.658413411,6.70E-06,5.173881212
SAUSA300_RS01760,0.659589979,0.030660596,1.513419409
SAUSA300_RS11750,0.660622013,0.000306465,3.513619312
SAUSA300_RS08060,0.663781967,5.24E-11,10.28030824
SAUSA300_RS13150,0.66445001,0.00013375,3.873705341
SAUSA300_RS04425,0.665072752,0.004679335,2.329815828
SAUSA300_RS13970,0.665603546,0.029230105,1.534169624
floA,0.666248651,4.66E-06,5.331502507
SAUSA300_RS16105,0.667411473,3.93E-07,6.405179306
SAUSA300_RS03675,0.668137798,0.01429231,1.844897585
SAUSA300_RS03715,0.66832603,4.02E-05,4.39593038
pgsA,0.668535401,5.90E-10,9.229042432
SAUSA300_RS02305,0.673925519,7.37E-05,4.132749214
SAUSA300_RS10870,0.673980344,1.26E-06,5.900057662
SAUSA300_RS08295,0.67527967,0.002915265,2.535321971
SAUSA300_RS13685,0.676187586,0.006756433,2.170282522
-,0.679358322,0.038983155,1.409123019
vraX,0.680680016,0.000466746,3.330918946
acsA,0.68113873,8.81E-05,4.054890177
SAUSA300_RS09825,0.681992687,0.000742188,3.12948598
SAUSA300_RS07590,0.684618209,0.019302343,1.714389966
cvfB,0.684734958,8.74E-13,12.05851832
SAUSA300_RS01755,0.689915523,3.54E-05,4.450537215
SAUSA300_RS14035,0.692539183,0.000760628,3.118827488
-,0.692650154,0.027684232,1.557767522
pruA,0.695858121,1.74E-17,16.75971897
SAUSA300_RS03450,0.697901109,0.005092836,2.293040339
sek,0.698499098,0.006131486,2.212434228
SAUSA300_RS03335,0.700575439,0.001187948,2.925202638
SAUSA300_RS01770,0.701205212,0.00075435,3.122427257
nusB,0.707135932,2.24E-08,7.650187109
rpsA,0.709086706,4.43E-06,5.353276589
merA,0.709166485,1.33E-05,4.876588366
SAUSA300_RS13390,0.715201976,0.006662688,2.176350521
xseA,0.715683137,1.22E-07,6.91517593
SAUSA300_RS10800,0.717762616,2.96E-08,7.52882997
SAUSA300_RS10990,0.718783439,2.25E-06,5.647276271
SAUSA300_RS02290,0.719838407,9.43E-11,10.02558005
polX,0.722840709,0.008157325,2.08845226
SAUSA300_RS00360,0.72480412,6.92E-07,6.159741633
SAUSA300_RS06330,0.726423043,4.40E-07,6.35650877
SAUSA300_RS07165,0.727588639,0.00134798,2.870316468
walK,0.729380893,0.000518736,3.285053687
murF,0.730030774,1.58E-08,7.801959761
SAUSA300_RS05485,0.730101416,2.33E-06,5.633202299
radA,0.730640131,3.80E-06,5.420354824
SAUSA300_RS03885,0.731651692,7.85E-07,6.104909936
pckA,0.731899686,3.32E-05,4.479024255
SAUSA300_RS10415,0.732645332,3.40E-07,6.469127808
codY,0.73299995,0.000826764,3.082618683
rpe,0.733180695,0.000165308,3.781705114
aaa,0.73425571,2.41E-07,6.618242266
SAUSA300_RS06445,0.735713987,0.004865327,2.312887971
SAUSA300_RS09100,0.736979019,0.002489965,2.603806808
SAUSA300_RS12990,0.737258971,1.09E-08,7.962742907
SAUSA300_RS03625,0.737899467,3.84E-09,8.415292883
SAUSA300_RS02870,0.739322385,5.84E-07,6.233746858
SAUSA300_RS08290,0.740887081,0.000714086,3.146249725
SAUSA300_RS06835,0.741043858,0.024367249,1.613193493
SAUSA300_RS13050,0.741270916,6.07E-08,7.216891156
recR,0.74147664,3.07E-06,5.512675615
SAUSA300_RS08310,0.742043715,0.000231116,3.636169221
pdxS,0.75447542,0.000277222,3.557172268
ruvX,0.756588929,1.27E-06,5.89692237
SAUSA300_RS13870,0.758095799,4.04E-10,9.393844269
menD,0.758179598,0.000828918,3.081488194
rpmG,0.760890135,7.21E-06,5.142187375
SAUSA300_RS10815,0.761455343,4.69E-08,7.329007109
ftsL,0.761596197,8.32E-06,5.079691311
SAUSA300_RS04725,0.764687623,0.003185342,2.496843903
SAUSA300_RS05960,0.765657645,2.53E-06,5.596159034
ypdA,0.766909434,0.000647845,3.18852904
-,0.766960078,0.035946689,1.444341107
efb,0.766964227,0.027048282,1.567860314
plsY,0.769623696,0.010893713,1.962824061
graR,0.769683987,5.37E-12,11.27018588
SAUSA300_RS10765,0.770848951,2.20E-06,5.657023876
fni,0.771860553,1.61E-07,6.792828765
SAUSA300_RS06630,0.773268905,2.18E-07,6.661806904
SAUSA300_RS04930,0.774967114,0.001421456,2.847266585
dnaJ,0.784373715,0.008814366,2.054808914
hslV,0.785678531,0.000300283,3.522469512
SAUSA300_RS08030,0.786193037,1.27E-06,5.897205629
fmhC,0.78759196,0.001450967,2.838342425
zapA,0.788523956,9.56E-07,6.019526278
recQ,0.788904925,3.21E-08,7.493301578
SAUSA300_RS05455,0.789445913,2.91E-08,7.535789101
SAUSA300_RS07500,0.790161867,0.000938916,3.027373065
zwf,0.79269719,0.000149894,3.824215755
SAUSA300_RS01295,0.795915863,0.048994564,1.3098521
pdxT,0.797136645,0.000527563,3.277725915
SAUSA300_RS14350,0.801832733,1.04E-05,4.984869522
SAUSA300_RS04440,0.801948128,0.035769124,1.4464917
-,0.802868243,0.047299807,1.325140631
SAUSA300_RS07680,0.805450024,0.003026732,2.519026056
SAUSA300_RS05370,0.806070598,5.30E-05,4.275491155
-,0.806171412,0.000580686,3.236058596
femA,0.807642723,0.001651924,2.782010028
gltB,0.810473361,0.024334324,1.613780715
SAUSA300_RS03720,0.815186356,0.001079964,2.966590739
rsmD,0.815936698,0.000225599,3.646663357
SAUSA300_RS07050,0.816702999,2.46E-05,4.608729175
-,0.819852942,0.016216175,1.790051576
hslU,0.820928065,0.001570631,2.803925854
SAUSA300_RS10820,0.821908516,0.000123557,3.908132312
panB,0.822431764,1.93E-05,4.714376586
SAUSA300_RS05605,0.825033148,2.78E-09,8.556254568
SAUSA300_RS10475,0.826359767,1.64E-06,5.785570406
SAUSA300_RS07495,0.826907208,1.62E-11,10.78994898
SAUSA300_RS06110,0.827325375,0.000104419,3.981221043
smc,0.8280692,3.46E-05,4.461345135
SAUSA300_RS06325,0.830294663,8.49E-06,5.070899179
-,0.83238023,2.81E-05,4.551508968
-,0.834235416,0.031804867,1.497506414
SAUSA300_RS06465,0.834691833,2.32E-06,5.63449137
SAUSA300_RS05800,0.836095374,2.69E-05,4.571021192
SAUSA300_RS15635,0.836844922,2.95E-05,4.530445519
SAUSA300_RS14610,0.838514595,0.00457918,2.339212294
vraR,0.83990231,1.95E-10,9.710981949
-,0.840151925,0.004922381,2.307824784
SAUSA300_RS10825,0.847747746,1.45E-05,4.838216681
tpx,0.848260445,7.43E-05,4.129115685
SAUSA300_RS01045,0.848627681,1.71E-12,11.76744573
SAUSA300_RS12010,0.848886659,4.95E-06,5.304987075
SAUSA300_RS03225,0.849125786,1.64E-06,5.786424994
SAUSA300_RS03630,0.849666549,1.20E-09,8.922611017
smpB,0.849953868,3.22E-05,4.49166715
SAUSA300_RS08355,0.850810055,1.27E-08,7.897294464
grpE,0.850826981,0.000173981,3.759499131
sbnG,0.851335296,0.025766694,1.588941306
SAUSA300_RS13205,0.852810422,7.09E-05,4.149657015
SAUSA300_RS04875,0.853160043,1.05E-05,4.978587892
SAUSA300_RS12860,0.853696527,1.74E-05,4.759216669
SAUSA300_RS10875,0.854077823,6.00E-07,6.2221597
SAUSA300_RS02350,0.854402724,0.000112694,3.948100249
SAUSA300_RS08440,0.855789116,3.79E-07,6.421515129
SAUSA300_RS08635,0.856439319,9.28E-06,5.03250971
fakB1,0.856853279,5.28E-10,9.277010461
coaD,0.857556698,1.91E-07,6.718485847
SAUSA300_RS09650,0.865634492,0.000953786,3.020549274
SAUSA300_RS07880,0.866435865,1.38E-06,5.861590855
rpmF,0.867884057,0.019806524,1.703191745
narI,0.870376669,1.93E-10,9.714663875
SAUSA300_RS01440,0.870901953,0.002020374,2.694568214
SAUSA300_RS13940,0.870974316,0.00019169,3.717401137
SAUSA300_RS06040,0.872556387,1.87E-16,15.72717679
SAUSA300_RS03940,0.873685137,1.47E-09,8.833310857
cozEb,0.880411704,2.00E-05,4.698787366
SAUSA300_RS05055,0.881718217,0.000594132,3.22611698
SAUSA300_RS08595,0.884006474,1.08E-07,6.968072452
SAUSA300_RS05635,0.884143559,5.68E-06,5.245377435
SAUSA300_RS01040,0.885045743,9.60E-09,8.017615354
mreD,0.887300531,2.67E-10,9.573271176
SAUSA300_RS08025,0.887450634,9.09E-12,11.04165121
SAUSA300_RS11730,0.892232855,2.72E-10,9.565653754
SAUSA300_RS03530,0.893049365,3.03E-07,6.518109897
msrB,0.89388181,1.49E-05,4.827544569
vraG,0.89478047,5.63E-06,5.249395331
SAUSA300_RS06380,0.895097213,0.000123636,3.907856687
SAUSA300_RS13300,0.896228069,0.001363303,2.865407493
SAUSA300_RS04045,0.896414941,0.000175111,3.75668673
SAUSA300_RS11465,0.897264793,5.97E-11,10.22399133
SAUSA300_RS01885,0.89871405,4.41E-15,14.35546697
pmtA,0.900409332,2.43E-07,6.614949199
SAUSA300_RS08590,0.90084526,2.47E-16,15.60808585
SAUSA300_RS08755,0.902009161,6.36E-12,11.1964577
SAUSA300_RS08795,0.902611286,0.000327303,3.485049956
scpB,0.904972066,3.02E-09,8.520326043
SAUSA300_RS04460,0.90630103,2.56E-05,4.590996868
cwrA,0.909475092,6.75E-06,5.170608598
SAUSA300_RS04385,0.909582277,0.000116292,3.934449315
queD,0.920797767,0.018417253,1.73477515
SAUSA300_RS12900,0.921724181,0.00010662,3.972160095
SAUSA300_RS05935,0.922771082,3.27E-05,4.485651236
SAUSA300_RS05715,0.923565831,5.86E-10,9.232114327
SAUSA300_RS10775,0.92827359,5.87E-07,6.231057587
SAUSA300_RS05330,0.92868878,1.65E-09,8.783241725
SAUSA300_RS13770,0.929570888,6.72E-07,6.172516894
SAUSA300_RS07945,0.930370344,7.67E-10,9.115426101
fdhD,0.931964092,6.34E-05,4.1980085
nfsA,0.932141306,0.000272176,3.565150091
SAUSA300_RS09695,0.932423353,8.75E-10,9.057774729
yycH,0.932543153,7.89E-06,5.102927994
SAUSA300_RS04400,0.932762872,0.001401786,2.8533184
nusA,0.933689282,6.20E-09,8.207857164
SAUSA300_RS12530,0.933935475,1.96E-09,8.708030267
SAUSA300_RS04765,0.934916118,0.02479822,1.605579487
sirA,0.934986868,0.000104258,3.981890632
-,0.937843574,9.99E-05,4.000520907
SAUSA300_RS08320,0.939152247,4.16E-15,14.38046728
xerD,0.940208916,6.59E-08,7.180849518
SAUSA300_RS07985,0.940883762,6.70E-07,6.174146577
SAUSA300_RS04190,0.943256718,9.63E-05,4.016557106
SAUSA300_RS03230,0.943388801,3.81E-08,7.418552516
SAUSA300_RS16085,0.943740503,2.87E-07,6.542000421
-,0.947585824,0.00826282,2.082871689
SAUSA300_RS06935,0.949760451,7.09E-07,6.149184027
SAUSA300_RS07230,0.949772431,0.008807215,2.055161407
thiM,0.951088155,0.033235721,1.4783949
SAUSA300_RS02165,0.951696731,0.006139024,2.21190065
SAUSA300_RS04025,0.952802772,2.26E-07,6.646149799
SAUSA300_RS16020,0.953475907,0.000271322,3.566515545
phoU,0.954231839,0.000669002,3.174572908
SAUSA300_RS02010,0.954645611,2.71E-12,11.5676236
SAUSA300_RS05925,0.955087992,0.000222215,3.653227111
yycI,0.955492993,4.74E-06,5.3245838
SAUSA300_RS05325,0.956783646,3.05E-16,15.5160793
SAUSA300_RS06320,0.957581003,7.67E-08,7.115009705
SAUSA300_RS01290,0.961474541,0.001838765,2.735473779
sufB,0.961538759,6.72E-06,5.172853722
SAUSA300_RS05930,0.962218453,2.62E-06,5.58126244
nreA,0.963689211,2.13E-12,11.67228852
SAUSA300_RS04240,0.96453091,4.43E-06,5.353265252
pstB,0.964662682,0.005082455,2.293926497
clpP,0.96744741,3.19E-13,12.49613491
SAUSA300_RS06280,0.967569852,6.28E-07,6.201705752
SAUSA300_RS05410,0.967822255,0.000114337,3.941813654
SAUSA300_RS09645,0.968158162,0.001908587,2.719288142
tkt,0.975758642,0.000819198,3.086611263
SAUSA300_RS12000,0.976178799,6.23E-08,7.20530261
SAUSA300_RS10330,0.976573163,6.12E-12,11.21308852
sfaA,0.977561127,0.044717616,1.349521357
SAUSA300_RS09245,0.980630691,0.001823279,2.739146897
SAUSA300_RS00375,0.980749034,0.002597978,2.585364478
SAUSA300_RS02190,0.981805914,1.23E-05,4.911164396
hemY,0.982184612,0.000226071,3.645754786
SAUSA300_RS07905,0.983428929,4.07E-17,16.39058709
yfhO,0.98544118,3.99E-10,9.398568026
-,0.98570034,0.001782137,2.749059034
SAUSA300_RS08070,0.987248276,0.003382833,2.47071942
-,0.988973244,0.016627263,1.779179239
SAUSA300_RS09250,0.989825546,3.84E-17,16.41613884
SAUSA300_RS03880,0.990184194,3.61E-09,8.442670636
lacC,0.992371086,0.025122932,1.599929673
-,0.992968806,1.19E-12,11.92403703
SAUSA300_RS00770,0.992995518,2.66E-11,10.57501288
SAUSA300_RS04230,0.993083211,4.67E-06,5.33092742
ebpS,0.994106388,3.72E-06,5.429226997
SAUSA300_RS14425,0.994279255,0.011212633,1.950292396
SAUSA300_RS10810,0.997756769,4.35E-13,12.36132497
SAUSA300_RS13270,1.001934128,8.45E-05,4.073098381
SAUSA300_RS13750,1.002228368,0.00099511,3.002128985
-,1.005611821,0.005278097,2.277522667
SAUSA300_RS02105,1.005767543,0.00343673,2.463854602
SAUSA300_RS11735,1.006349832,3.19E-19,18.49679394
SAUSA300_RS11725,1.006621409,8.64E-09,8.063736599
SAUSA300_RS00695,1.007667173,0.025892213,1.586830832
nrdH,1.008809589,8.26E-08,7.083045938
SAUSA300_RS13015,1.011227362,0.001052033,2.977970525
-,1.011249598,0.042860085,1.367946967
rimP,1.013368203,1.56E-14,13.80824064
SAUSA300_RS13865,1.013942032,1.66E-12,11.77860054
ftsY,1.014594775,0.000207659,3.682649123
SAUSA300_RS06805,1.01726266,1.96E-10,9.708672166
SAUSA300_RS00955,1.019952106,7.93E-14,13.10094133
SAUSA300_RS09640,1.020845214,0.001272894,2.895207837
-,1.029261173,0.001516044,2.819288206
sasG,1.029863006,5.49E-10,9.260796427
SAUSA300_RS12745,1.029984441,0.001796553,2.745559946
SAUSA300_RS05660,1.030238218,5.29E-15,14.27628457
-,1.033361679,0.000243196,3.614044453
SAUSA300_RS06510,1.034575373,8.75E-06,5.057811324
-,1.03476619,4.05E-05,4.392173759
SAUSA300_RS07845,1.037541902,1.59E-05,4.799455252
pepF,1.038603874,2.78E-08,7.556515375
SAUSA300_RS00715,1.039190514,1.13E-06,5.946047549
SAUSA300_RS05705,1.041493505,9.41E-06,5.026581602
SAUSA300_RS12005,1.042411858,7.55E-07,6.12180197
SAUSA300_RS05080,1.04576308,3.12E-05,4.50602529
spxA,1.04606475,2.36E-13,12.62767675
SAUSA300_RS10915,1.049677941,1.62E-19,18.79048295
SAUSA300_RS13290,1.052453265,6.72E-07,6.172399046
sbcD,1.053269191,0.000170544,3.768164517
SAUSA300_RS04545,1.057515825,6.82E-10,9.166073203
fetB,1.060639462,1.74E-05,4.758414048
SAUSA300_RS08640,1.063471974,0.001854366,2.731804619
-,1.065224257,3.74E-08,7.427653753
SAUSA300_RS12840,1.068019811,1.69E-11,10.77165181
SAUSA300_RS13725,1.068228407,3.51E-06,5.454533472
-,1.072402958,0.00619109,2.208232864
SAUSA300_RS09050,1.075972156,0.000454828,3.342153008
icaR,1.077582036,4.06E-08,7.391793437
SAUSA300_RS06570,1.079242601,1.16E-07,6.935824073
sdhB,1.080909768,2.91E-09,8.53540407
opp4C,1.081533465,0.001558318,2.807343812
SAUSA300_RS00380,1.081599196,0.005214081,2.28282219
SAUSA300_RS07300,1.082962904,3.26E-10,9.487279461
SAUSA300_RS12405,1.083359058,9.47E-06,5.023494514
SAUSA300_RS04880,1.083508943,5.68E-05,4.246008714
SAUSA300_RS14190,1.084114374,3.64E-07,6.438727151
SAUSA300_RS08570,1.084874488,4.98E-11,10.30296977
SAUSA300_RS04225,1.086494766,3.91E-08,7.40816899
SAUSA300_RS13085,1.09124942,0.015807398,1.801139621
queE,1.091732176,6.44E-05,4.191231087
SAUSA300_RS09700,1.09248511,0.004775601,2.320971924
SAUSA300_RS07855,1.092617267,9.46E-11,10.02410925
aroD,1.093051361,1.46E-06,5.835106957
SAUSA300_RS05420,1.094117842,1.32E-10,9.879914647
mutM,1.096682515,4.08E-05,4.389187864
SAUSA300_RS08630,1.097697303,1.61E-12,11.79440413
SAUSA300_RS06285,1.099697005,2.94E-11,10.5310918
SAUSA300_RS08750,1.10166994,4.74E-12,11.3245659
SAUSA300_RS01795,1.108624923,6.95E-09,8.15771651
-,1.110510059,0.003552231,2.449498748
SAUSA300_RS10975,1.112538957,0.017001299,1.769517896
gtfA,1.11711242,7.61E-05,4.118814406
yaaA,1.117868507,1.72E-17,16.76495531
SAUSA300_RS12985,1.123108541,3.71E-16,15.4301403
SAUSA300_RS02375,1.123723352,0.001847833,2.733337293
graS,1.125567601,5.80E-14,13.23688214
SAUSA300_RS05405,1.128680228,2.29E-13,12.64084494
prmA,1.130283507,1.39E-05,4.856125198
tet(38),1.136100822,2.39E-08,7.621567507
SAUSA300_RS05615,1.137778625,1.59E-05,4.798688155
gtfB,1.139055944,0.000141858,3.848145761
SAUSA300_RS02160,1.143547298,0.010352874,1.984939084
recG,1.144335322,1.25E-08,7.904639166
bshA,1.144518444,4.67E-07,6.330673305
SAUSA300_RS02385,1.145483813,0.00065165,3.185985902
glmS,1.146149439,3.88E-11,10.41161564
coaBC,1.149240688,6.28E-14,13.20202011
SAUSA300_RS05725,1.151623413,0.024158765,1.616925276
SAUSA300_RS11230,1.154003889,0.000310503,3.507934762
SAUSA300_RS07965,1.155469123,1.89E-19,18.72447183
SAUSA300_RS04315,1.156888234,0.000683608,3.165193073
-,1.158667876,0.014386467,1.842045841
SAUSA300_RS03445,1.159231911,1.61E-08,7.793722558
SAUSA300_RS02050,1.159249653,3.21E-18,17.49409884
SAUSA300_RS08890,1.160856223,2.91E-05,4.536598448
rpoB,1.161512946,1.15E-12,11.94071554
rpsU,1.163583071,0.000400542,3.397351825
SAUSA300_RS10940,1.166475511,8.82E-09,8.054457253
rbfA,1.168342927,1.26E-08,7.899119921
SAUSA300_RS01175,1.173963072,0.013276043,1.876931365
SAUSA300_RS03655,1.179217327,0.000157877,3.80168115
sasC,1.179371254,5.25E-19,18.27980255
-,1.179593882,0.002440563,2.612510019
SAUSA300_RS07580,1.181587894,1.15E-05,4.939723672
SAUSA300_RS08155,1.182340332,4.61E-14,13.33607167
fdhF,1.182897114,0.000641092,3.19307951
SAUSA300_RS14345,1.183126666,3.13E-12,11.50383984
-,1.183480784,2.27E-12,11.64303486
SAUSA300_RS13495,1.184376283,4.56E-09,8.341192048
SAUSA300_RS08220,1.184453862,9.90E-11,10.0045068
lipA,1.184773532,1.43E-12,11.84319702
-,1.185614619,5.38E-05,4.269378624
ytxJ,1.186640469,1.58E-13,12.80132648
SAUSA300_RS12300,1.189396584,4.59E-07,6.338201635
SAUSA300_RS08350,1.190307317,3.18E-07,6.497399342
SAUSA300_RS10760,1.190615587,4.24E-06,5.372558036
SAUSA300_RS08935,1.195104571,4.73E-09,8.324917844
SAUSA300_RS01050,1.195401744,2.23E-21,20.65219259
SAUSA300_RS00225,1.195547355,8.03E-13,12.09538577
SAUSA300_RS11500,1.196371296,1.06E-13,12.97561904
SAUSA300_RS06665,1.200574408,9.50E-14,13.02209302
SAUSA300_RS04640,1.203299521,1.15E-07,6.93793391
SAUSA300_RS14570,1.203978276,0.000240754,3.618426183
SAUSA300_RS04380,1.205302335,3.24E-20,19.48974498
SAUSA300_RS04295,1.209110627,8.04E-08,7.094645929
SAUSA300_RS13980,1.212220345,2.32E-06,5.634110211
sdpA,1.214317184,9.59E-08,7.018193275
-,1.216858292,0.046681584,1.330854414
SAUSA300_RS08255,1.218565604,8.46E-15,14.07285573
SAUSA300_RS03870,1.219490437,4.01E-05,4.396744809
SAUSA300_RS11590,1.220962605,7.81E-09,8.107356655
SAUSA300_RS14565,1.221725037,1.27E-11,10.89458662
budA,1.223171816,8.07E-20,19.09316293
SAUSA300_RS01260,1.229495411,6.99E-06,5.155494781
SAUSA300_RS04645,1.23058225,2.85E-07,6.544735718
-,1.230899175,1.60E-08,7.79539395
SAUSA300_RS07350,1.232495112,7.59E-08,7.119678531
menH,1.235075522,4.02E-06,5.395664766
raiA,1.238833643,4.13E-23,22.38423944
SAUSA300_RS10270,1.241643647,6.76E-22,21.17003499
tagH,1.243021882,8.92E-21,20.04966579
SAUSA300_RS08150,1.256096396,7.58E-06,5.120469329
SAUSA300_RS00370,1.256306238,0.00014228,3.846856208
SAUSA300_RS10945,1.257162777,1.83E-19,18.73837604
deoC,1.257529856,2.06E-14,13.68533852
SAUSA300_RS05060,1.258326732,1.44E-05,4.840848935
agrB,1.259124274,2.78E-11,10.5567118
infB,1.262892606,4.32E-13,12.36460671
SAUSA300_RS00890,1.262968167,8.00E-05,4.096746688
recF,1.263913974,3.95E-12,11.40302441
SAUSA300_RS10660,1.269480421,3.62E-11,10.44092854
SAUSA300_RS10755,1.269613635,5.73E-16,15.24168329
SAUSA300_RS00990,1.274387835,4.78E-05,4.320755218
SAUSA300_RS04510,1.274937003,1.12E-05,4.951540065
SAUSA300_RS13560,1.275620632,5.33E-08,7.273333763
SAUSA300_RS03725,1.278499646,1.08E-09,8.964890073
SAUSA300_RS03910,1.279614838,5.65E-07,6.248005848
SAUSA300_RS04375,1.28575836,7.84E-06,5.105819741
vraE,1.286420608,2.98E-05,4.525898422
-,1.289640209,0.000743582,3.128671149
truA,1.293131758,9.01E-08,7.045345844
SAUSA300_RS12220,1.293204674,6.78E-13,12.16897774
SAUSA300_RS01750,1.294459504,5.54E-06,5.25669651
SAUSA300_RS05920,1.294728336,8.30E-10,9.081154767
rnpB,1.295247233,8.82E-26,25.05446456
SAUSA300_RS13960,1.303314028,5.97E-08,7.223894424
deoB,1.304038855,2.41E-05,4.618088423
hfq,1.304430937,3.96E-17,16.40188989
femB,1.307061356,7.85E-05,4.105325177
ecb,1.308604985,7.41E-07,6.1302242
SAUSA300_RS03540,1.31040107,5.74E-09,8.24125255
SAUSA300_RS14585,1.313996459,0.002921689,2.534366021
-,1.314061561,3.53E-08,7.452438599
SAUSA300_RS12675,1.319343476,1.01E-07,6.995961506
SAUSA300_RS07550,1.319431243,0.0380177,1.420014159
SAUSA300_RS10750,1.3215259,1.54E-21,20.81241585
SAUSA300_RS07345,1.322160279,1.24E-15,14.90650346
-,1.322848062,0.027710794,1.557351032
SAUSA300_RS06845,1.326743898,1.65E-18,17.78120948
mobA,1.32713051,4.78E-06,5.320679856
-,1.328701272,2.11E-12,11.67646312
-,1.331299658,1.51E-07,6.820070199
isdI,1.331747471,1.17E-05,4.933104926
nreB,1.334321657,5.73E-20,19.241788
SAUSA300_RS02545,1.340773963,5.21E-07,6.282795988
SAUSA300_RS05965,1.341270392,5.94E-08,7.226222515
SAUSA300_RS12440,1.343158302,8.15E-22,21.08879576
-,1.349266367,4.93E-05,4.307068276
SAUSA300_RS15410,1.349517186,7.55E-06,5.121897207
cstB,1.351195455,9.81E-08,7.008161632
priA,1.353635632,5.90E-10,9.229454675
sdhA,1.360028244,7.21E-11,10.14228185
vraF,1.36478859,1.43E-09,8.845901567
SAUSA300_RS08500,1.36663041,0.000136663,3.864348657
rpoD,1.366960469,1.81E-09,8.741730495
dhaK,1.367723067,1.56E-07,6.805574001
pstA,1.369001585,0.000493489,3.306722288
-,1.370817692,2.32E-11,10.6338665
SAUSA300_RS06640,1.371342375,0.000188789,3.724023332
coaE,1.372953154,1.08E-08,7.964586871
clpB,1.37526308,2.37E-10,9.626077167
-,1.377238521,0.000416074,3.380829445
cspA,1.379096483,4.31E-14,13.36576899
SAUSA300_RS15500,1.379791138,1.10E-09,8.957716292
SAUSA300_RS00280,1.380060918,8.00E-08,7.09710176
-,1.383475448,1.66E-05,4.779361859
-,1.383702791,6.24E-07,6.205019438
-,1.384523666,0.00042358,3.373064344
SAUSA300_RS02565,1.39025051,6.26E-10,9.203646338
SAUSA300_RS00365,1.391723485,7.43E-05,4.128977764
SAUSA300_RS04505,1.400546107,0.03081891,1.511182723
SAUSA300_RS09425,1.404742797,4.14E-09,8.382961084
SAUSA300_RS11525,1.4104043,2.77E-07,6.557645912
SAUSA300_RS10555,1.417720293,3.64E-06,5.438841591
SAUSA300_RS12785,1.417826004,3.54E-10,9.451495202
-,1.420812508,3.33E-06,5.477758505
SAUSA300_RS08745,1.421580864,1.40E-05,4.8542433
SAUSA300_RS10105,1.42242626,2.87E-08,7.542356164
SAUSA300_RS05415,1.42430934,7.09E-14,13.14948262
yajC,1.42606825,9.98E-12,11.00082703
SAUSA300_RS08790,1.429794446,1.12E-31,30.94910478
spoVG,1.431188158,1.18E-08,7.929126466
menE,1.4315381,3.46E-09,8.460914492
SAUSA300_RS10260,1.43324422,9.14E-13,12.03914982
SAUSA300_RS03545,1.433974741,3.53E-16,15.45165962
SAUSA300_RS08120,1.437526756,0.000124717,3.904075405
SAUSA300_RS10485,1.437552671,0.000674471,3.171036747
rocF,1.438808764,3.83E-30,29.41689801
-,1.442552711,2.81E-06,5.551653355
SAUSA300_RS07660,1.444379373,0.002931201,2.53295434
SAUSA300_RS07055,1.444860262,6.71E-19,18.17325691
-,1.448909687,8.04E-09,8.094483258
SAUSA300_RS08340,1.449212756,2.95E-10,9.529464349
SAUSA300_RS07295,1.450204348,2.43E-11,10.6140801
-,1.450742645,0.000648805,3.187885557
SAUSA300_RS05435,1.453269689,4.74E-18,17.32459909
SAUSA300_RS05030,1.454119315,0.001209357,2.917445425
pyrR,1.454889264,3.57E-07,6.447314252
-,1.458212739,5.88E-14,13.23087904
sdrC,1.458902928,8.45E-11,10.073361
moaA,1.459065315,1.05E-07,6.979672391
-,1.459696325,6.13E-05,4.212266294
lrgA,1.46156823,7.02E-17,16.15373965
SAUSA300_RS10425,1.469564474,2.78E-06,5.556563477
recN,1.471733471,7.32E-12,11.13535441
-,1.48254984,3.30E-11,10.48130988
ybeY,1.484129818,4.25E-07,6.371996699
SAUSA300_RS01310,1.485013392,1.50E-30,29.82434517
SAUSA300_RS10950,1.486231623,4.64E-29,28.33385346
SAUSA300_RS00175,1.488947103,1.80E-28,27.74458953
SAUSA300_RS03235,1.49040551,4.64E-23,22.33368993
sucC,1.495466838,4.50E-10,9.346827783
tarK,1.49788142,2.28E-23,22.64263109
isdD,1.498236953,0.000317499,3.498257883
pde2,1.500754871,2.05E-12,11.68812157
sucD,1.501935744,9.94E-10,9.002589494
SAUSA300_RS08090,1.503986829,0.049790764,1.302851206
SAUSA300_RS14435,1.506004797,6.57E-07,6.182414472
thiE,1.506106463,5.27E-06,5.277905601
gndA,1.509367558,2.12E-06,5.673114099
SAUSA300_RS03245,1.509704534,1.17E-08,7.930985155
SAUSA300_RS09545,1.510435978,1.84E-05,4.734011627
ytkD,1.511631237,3.38E-05,4.470504086
sarX,1.516145122,2.94E-06,5.531258403
SAUSA300_RS10530,1.517187707,0.003707417,2.430928569
-,1.526066629,8.96E-06,5.047878859
SAUSA300_RS08260,1.526726975,6.03E-08,7.21969357
SAUSA300_RS03395,1.53225432,1.71E-09,8.767376152
mazE,1.534335381,1.53E-09,8.81560264
SAUSA300_RS15225,1.542491646,0.000152686,3.816201736
SAUSA300_RS01800,1.542712574,3.37E-08,7.472336888
trxB,1.546325502,4.99E-13,12.30157038
SAUSA300_RS04465,1.551665805,3.02E-12,11.52045819
SAUSA300_RS02530,1.555384994,2.86E-07,6.542986015
SAUSA300_RS13745,1.562434982,4.13E-06,5.383797216
SAUSA300_RS02055,1.564514183,4.15E-24,23.38180872
SAUSA300_RS13140,1.566056051,4.32E-16,15.36498628
SAUSA300_RS04885,1.568626923,7.72E-10,9.112491075
dhaL,1.570147921,4.40E-08,7.356325509
SAUSA300_RS10745,1.571685752,9.31E-24,23.03117237
-,1.580493659,0.003059324,2.51437451
SAUSA300_RS10785,1.581563841,2.44E-38,37.61272086
whiA,1.586498925,5.13E-10,9.28990903
SAUSA300_RS10795,1.58732379,4.97E-25,24.30354387
traP,1.590606323,4.36E-29,28.36058237
SAUSA300_RS12680,1.590670586,1.53E-15,14.81590154
SAUSA300_RS13295,1.593772369,9.45E-11,10.02472899
SAUSA300_RS09240,1.594073838,1.90E-10,9.720222124
lytM,1.59484444,4.37E-10,9.359564308
SAUSA300_RS07095,1.597121406,1.25E-15,14.90384784
harA,1.601421267,3.67E-48,47.43561694
SAUSA300_RS11920,1.601555653,2.39E-11,10.62090705
SAUSA300_RS10885,1.601569135,0.007210879,2.142011801
-,1.608002347,2.09E-06,5.67949071
SAUSA300_RS14955,1.608653653,6.24E-21,20.20504476
SAUSA300_RS05065,1.61602443,9.05E-12,11.04358853
-,1.616694912,3.91E-11,10.40827286
-,1.617160282,2.51E-10,9.60006885
SAUSA300_RS01315,1.617369999,9.77E-31,30.01009117
SAUSA300_RS00485,1.618831594,1.72E-13,12.76385424
-,1.619718705,0.035737913,1.446870818
-,1.620900173,3.28E-17,16.48371061
SAUSA300_RS11505,1.62405017,5.62E-16,15.25020522
SAUSA300_RS01805,1.62492741,2.85E-11,10.54534323
dhaM,1.630801887,2.72E-10,9.565920904
SAUSA300_RS10925,1.631061052,1.27E-37,36.89553769
-,1.637263475,2.52E-06,5.599418764
SAUSA300_RS02265,1.640199353,1.08E-15,14.96522553
SAUSA300_RS12850,1.642566484,5.15E-23,22.28856211
SAUSA300_RS13965,1.643481442,5.35E-06,5.271601836
sucB,1.647791484,7.53E-11,10.12339143
-,1.649060353,3.02E-13,12.52050024
SAUSA300_RS11570,1.650258458,1.45E-06,5.838799917
SAUSA300_RS11435,1.657987097,9.46E-45,44.02428864
-,1.661855258,5.24E-05,4.280788803
SAUSA300_RS10835,1.671067786,7.62E-07,6.11806058
moaD,1.671076624,1.05E-06,5.979805773
SAUSA300_RS10710,1.671654043,1.11E-06,5.954822739
SAUSA300_RS04370,1.673850945,1.23E-14,13.91103428
SAUSA300_RS03330,1.677776094,4.99E-46,45.30157466
SAUSA300_RS12275,1.678721226,2.61E-10,9.583782231
SAUSA300_RS09340,1.683645501,6.11E-47,46.21377144
-,1.687123114,0.011619317,1.934819401
deoD,1.687589496,5.07E-08,7.294629185
glmU,1.690504769,9.71E-13,12.01295743
-,1.690649163,6.42E-12,11.19247858
SAUSA300_RS00145,1.691100124,0.016180278,1.791014014
-,1.691785808,3.50E-15,14.45610672
hemQ,1.691900096,6.25E-22,21.2040075
SAUSA300_RS10665,1.694997566,3.91E-21,20.40837037
SAUSA300_RS13800,1.698030058,5.74E-09,8.241043567
sbi,1.698045143,2.73E-41,40.56439094
SAUSA300_RS07365,1.717541365,1.19E-15,14.9228743
SAUSA300_RS01445,1.722336852,2.36E-10,9.627782928
SAUSA300_RS10715,1.723164167,0.000572504,3.242221484
SAUSA300_RS12470,1.723775559,1.01E-07,6.996435684
SAUSA300_RS04990,1.724581078,2.34E-25,24.63064179
SAUSA300_RS04995,1.725067502,8.86E-16,15.05262091
ssrA,1.730079317,9.95E-45,44.00211654
isaB,1.73297782,2.71E-46,45.56671913
SAUSA300_RS03875,1.749423588,9.55E-10,9.019795094
SAUSA300_RS06535,1.752474325,0.026800357,1.571859424
-,1.761970554,5.11E-12,11.29179018
SAUSA300_RS00250,1.764716294,2.73E-09,8.56316609
SAUSA300_RS01375,1.768751037,1.29E-15,14.88976397
SAUSA300_RS10700,1.769145505,0.00101001,2.995674113
SAUSA300_RS16100,1.770315707,7.79E-13,12.10821668
nagB,1.781388016,2.39E-15,14.6222403
rpmG,1.781986922,4.80E-27,26.31885417
-,1.792765281,2.05E-12,11.68884508
mobB,1.801398109,1.30E-08,7.886327146
SAUSA300_RS05685,1.806159129,1.17E-09,8.932144979
SAUSA300_RS01730,1.812076286,3.80E-08,7.419734706
sel26,1.813880261,3.23E-08,7.490710827
-,1.814249436,0.000131179,3.882134833
SAUSA300_RS07675,1.816235245,4.16E-10,9.381415037
SAUSA300_RS07105,1.816605781,7.82E-11,10.10704059
SAUSA300_RS13615,1.823818365,3.05E-14,13.51595892
SAUSA300_RS14615,1.824519306,4.35E-10,9.361616856
SAUSA300_RS06635,1.825622448,5.05E-34,33.29666038
mqo,1.82933249,2.27E-14,13.64352417
lacB,1.832166133,0.047023026,1.327689422
SAUSA300_RS10420,1.833799469,4.62E-11,10.33545738
SAUSA300_RS10695,1.83528444,9.98E-18,17.00094252
SAUSA300_RS12295,1.835328068,9.65E-13,12.01563394
SAUSA300_RS00140,1.83638793,9.17E-40,39.03750279
SAUSA300_RS00935,1.84910426,2.86E-25,24.54317444
gyrB,1.849734469,7.85E-13,12.10535282
vraD,1.850648266,0.000118964,3.924583657
pepG1,1.852320161,1.90E-13,12.72237678
-,1.853019105,6.13E-11,10.21245341
SAUSA300_RS10860,1.853709348,5.82E-09,8.235026296
SAUSA300_RS09480,1.85601004,1.58E-11,10.80028668
SAUSA300_RS13630,1.856506223,5.41E-09,8.267129102
mecA,1.857255607,8.52E-35,34.0693067
SAUSA300_RS04470,1.859356464,2.44E-11,10.61242171
uvrA,1.861842303,6.17E-09,8.209628187
SAUSA300_RS10730,1.865018102,7.81E-10,9.107551446
SAUSA300_RS02115,1.867401288,2.48E-05,4.604919195
SAUSA300_RS03865,1.870701589,2.32E-09,8.63514726
SAUSA300_RS01725,1.873172447,8.09E-09,8.092095242
-,1.874922671,4.60E-18,17.33695474
SAUSA300_RS09000,1.8774404,3.65E-24,23.43765318
bshC,1.889118077,9.91E-11,10.00405318
SAUSA300_RS10650,1.889482736,3.63E-41,40.43989622
SAUSA300_RS06850,1.890549747,2.03E-09,8.693238896
-,1.891920643,9.03E-05,4.044111335
SAUSA300_RS08125,1.89264788,8.29E-11,10.08140179
SAUSA300_RS06680,1.900166212,1.29E-16,15.88947409
sph,1.900468926,1.96E-12,11.70873988
SAUSA300_RS09010,1.900675049,9.01E-33,32.04524105
menB,1.901725132,1.97E-16,15.70657692
isdB,1.902265599,4.30E-09,8.366704682
-,1.904013112,1.14E-10,9.943010071
SAUSA300_RS05995,1.90760397,5.99E-33,32.22266465
SAUSA300_RS10735,1.912883054,4.19E-26,25.37818434
recA,1.91685075,1.41E-13,12.85164876
ssb,1.924298093,1.20E-23,22.92003968
rny,1.925072113,2.35E-15,14.62836639
glp,1.930220548,8.29E-11,10.08165635
pdhA,1.936123443,4.57E-10,9.340391388
hypR,1.937387174,4.72E-07,6.326073373
ald,1.939959194,4.22E-26,25.37483181
-,1.961676568,9.63E-16,15.01652438
-,1.96525259,1.78E-10,9.749058106
SAUSA300_RS07975,1.965346435,1.06E-09,8.972676814
lexA,1.968488001,3.30E-25,24.48126558
sbcC,1.968529145,2.34E-11,10.63152052
SAUSA300_RS11705,1.973085915,4.68E-15,14.32953132
SAUSA300_RS14275,1.974268826,6.89E-11,10.16176536
SAUSA300_RS15990,1.976873032,5.07E-06,5.295110153
SAUSA300_RS09325,1.983016939,6.15E-39,38.21144335
SAUSA300_RS07330,1.984485149,5.48E-12,11.26084138
nreC,1.98617936,1.25E-45,44.90276271
era,1.987008697,2.37E-10,9.625204344
-,1.99116002,2.19E-05,4.659518476
dnaG,1.99212095,1.28E-24,23.89410923
SAUSA300_RS04360,1.999024571,5.38E-12,11.26925835
-,2.005625251,9.59E-07,6.018351581
SAUSA300_RS10655,2.006806332,1.71E-11,10.76823193
SAUSA300_RS04185,2.010176444,4.13E-06,5.384255607
icd,2.017896687,8.13E-13,12.08991971
cdd,2.021007978,2.41E-10,9.617352704
SAUSA300_RS10645,2.031875433,5.16E-59,58.28723443
SAUSA300_RS04565,2.03986588,5.31E-28,27.27488895
SAUSA300_RS00260,2.040645718,3.11E-13,12.50702391
SAUSA300_RS10640,2.040966874,7.35E-42,41.13370879
isdC,2.045066194,4.84E-05,4.315006681
SAUSA300_RS01735,2.054755289,2.31E-11,10.63646036
SAUSA300_RS01085,2.059194376,4.32E-28,27.36489664
SAUSA300_RS12805,2.0686717,2.33E-13,12.63177016
SAUSA300_RS13315,2.070915645,4.89E-15,14.31064995
SAUSA300_RS13650,2.075002165,4.97E-14,13.30322858
dnaN,2.076692418,1.58E-38,37.80018976
SAUSA300_RS13730,2.079315653,9.57E-15,14.01925275
SAUSA300_RS04480,2.080573306,2.00E-36,35.69826653
rlmH,2.084283643,1.58E-45,44.8005195
SAUSA300_RS05425,2.09103508,1.01E-08,7.997532325
SAUSA300_RS05360,2.092062361,7.50E-11,10.12469015
cstA,2.092622088,2.10E-12,11.6787505
-,2.10009076,1.77E-14,13.75191913
SAUSA300_RS10095,2.103361536,6.92E-44,43.16000871
SAUSA300_RS10505,2.105591473,7.54E-18,17.12254285
dnaA,2.106529869,3.61E-59,58.44281089
-,2.119206142,0.002994533,2.523670893
SAUSA300_RS05805,2.122148711,2.44E-44,43.61281911
gyrA,2.128047531,3.66E-17,16.4363536
SAUSA300_RS09735,2.131389588,0.012537194,1.901799638
SAUSA300_RS02715,2.135259954,1.27E-26,25.89778539
-,2.148079441,3.79E-07,6.421398
SAUSA300_RS13735,2.150784143,5.56E-12,11.25523024
-,2.151563931,4.36E-17,16.36036008
SAUSA300_RS11835,2.156832699,4.12E-09,8.384757483
-,2.159322634,1.33E-11,10.87493531
SAUSA300_RS05355,2.163094918,1.50E-11,10.82389446
lpdA,2.163117854,1.09E-13,12.96147692
lpdA,2.163545137,4.06E-11,10.3910072
-,2.166591287,7.83E-11,10.10627588
SAUSA300_RS10690,2.166884978,3.21E-11,10.49364757
SAUSA300_RS06170,2.168881031,6.09E-19,18.21527465
-,2.168913347,1.14E-08,7.943793978
SAUSA300_RS06395,2.172507691,2.59E-10,9.586797448
SAUSA300_RS01740,2.175745495,4.70E-13,12.32773925
-,2.179052399,3.51E-05,4.454894669
-,2.181358046,0.000164654,3.783428886
SAUSA300_RS05730,2.189641319,6.24E-11,10.20477739
SAUSA300_RS04340,2.191371306,7.20E-21,20.1429173
SAUSA300_RS10720,2.201215905,4.11E-10,9.386292083
-,2.202538635,2.55E-13,12.5926382
SAUSA300_RS04365,2.210276881,8.20E-59,58.08621755
arcC,2.213419375,1.56E-24,23.80693134
SAUSA300_RS16080,2.215614697,3.44E-16,15.46396339
SAUSA300_RS01745,2.22129355,3.01E-10,9.520781277
SAUSA300_RS04555,2.222321579,3.78E-32,31.42292655
hutH,2.225123263,1.95E-53,52.70960484
SAUSA300_RS05895,2.227443194,1.79E-29,28.74706397
SAUSA300_RS10635,2.22935322,5.81E-92,91.23593497
dnaK,2.234446669,1.63E-13,12.78648805
SAUSA300_RS02730,2.239816655,6.78E-15,14.1690126
SAUSA300_RS10670,2.245477686,8.39E-15,14.07619161
fmtB,2.24749468,5.34E-33,32.27258196
SAUSA300_RS13655,2.248924029,4.83E-21,20.31605583
-,2.251638319,2.96E-09,8.528376479
-,2.262000557,3.20E-18,17.49466314
SAUSA300_RS13635,2.270754085,8.42E-06,5.07452
SAUSA300_RS10725,2.276133711,6.14E-15,14.21170763
SAUSA300_RS04350,2.278207581,8.78E-11,10.0564969
lrgB,2.281785458,4.62E-57,56.33548002
SAUSA300_RS10545,2.283402761,1.73E-42,41.76099531
SAUSA300_RS07090,2.286811499,2.21E-37,36.65488336
SAUSA300_RS12810,2.30790568,3.63E-13,12.44044876
uvrB,2.308331437,3.53E-14,13.45234782
SAUSA300_RS10615,2.320418393,4.99E-36,35.30186029
recO,2.336485927,1.13E-13,12.94723196
SAUSA300_RS12510,2.338728783,2.23E-43,42.6521232
SAUSA300_RS11000,2.346483285,1.79E-10,9.746216252
-,2.365081183,5.02E-17,16.29929871
thrS,2.365559253,5.74E-41,40.24083808
SAUSA300_RS07340,2.365616596,1.65E-27,26.78199846
SAUSA300_RS08955,2.367320662,1.05E-15,14.97727177
SAUSA300_RS08005,2.372127081,4.25E-16,15.37120109
SAUSA300_RS10550,2.373081374,3.84E-14,13.4155927
-,2.375023277,5.05E-08,7.296761453
-,2.377507053,2.13E-13,12.67204757
-,2.378759009,2.65E-08,7.576447397
-,2.381349172,1.28E-10,9.894488743
SAUSA300_RS04550,2.386160213,3.27E-19,18.48593923
SAUSA300_RS10680,2.386822536,5.68E-08,7.245686158
SAUSA300_RS10565,2.396611342,1.42E-35,34.84922547
SAUSA300_RS09105,2.398483916,2.01E-26,25.69610594
SAUSA300_RS09725,2.398733744,2.43E-06,5.613920074
SAUSA300_RS00255,2.400669176,7.12E-08,7.147768165
SAUSA300_RS07060,2.410679264,1.92E-20,19.7159589
-,2.415464978,6.62E-17,16.17924298
-,2.421030704,1.51E-11,10.82149518
SAUSA300_RS10610,2.42323122,3.60E-36,35.44395585
SAUSA300_RS04355,2.443101961,2.45E-21,20.61081375
SAUSA300_RS09705,2.444269751,0.000893679,3.048818287
SAUSA300_RS10605,2.448562719,6.55E-47,46.1838139
SAUSA300_RS05125,2.451125704,4.75E-43,42.32302882
SAUSA300_RS12160,2.453629052,2.93E-49,48.53295167
SAUSA300_RS15215,2.463073506,2.96E-12,11.5283739
SAUSA300_RS04345,2.472589884,1.48E-28,27.82836348
SAUSA300_RS01385,2.493158851,2.23E-28,27.65192958
-,2.494490355,3.15E-17,16.50166667
tenA,2.502030004,0.001853112,2.732098328
menC,2.50617131,1.22E-14,13.91485306
arcA,2.516607468,5.48E-06,5.261019745
SAUSA300_RS10570,2.518126827,9.99E-38,37.00038085
SAUSA300_RS08000,2.521119922,3.38E-17,16.47136846
SAUSA300_RS10600,2.523792911,1.86E-53,52.73103015
SAUSA300_RS15495,2.526073436,4.83E-55,54.31579199
SAUSA300_RS11760,2.538113699,1.18E-55,54.9280507
SAUSA300_RS10620,2.546657798,9.28E-60,59.03227538
-,2.560615439,1.07E-08,7.968858849
SAUSA300_RS11745,2.569145992,1.62E-16,15.79095603
SAUSA300_RS02720,2.57077594,1.08E-16,15.96664193
SAUSA300_RS10705,2.571622353,1.42E-10,9.84822192
ssrS,2.595754437,6.93E-13,12.15942042
SAUSA300_RS10890,2.599202866,0.001627379,2.788511423
SAUSA300_RS01400,2.607306573,0.003384989,2.470442773
SAUSA300_RS12400,2.620720485,1.31E-39,38.8823253
SAUSA300_RS00670,2.622924941,1.79E-17,16.74759794
ebh,2.635690968,1.56E-31,30.80620611
pepA1,2.63666654,4.74E-07,6.324083143
ygs,2.642429764,4.21E-69,68.3759782
SAUSA300_RS10630,2.6535713,1.53E-42,41.81427968
SAUSA300_RS10625,2.674083681,5.91E-44,43.22874018
SAUSA300_RS02725,2.675556884,1.54E-16,15.81125848
SAUSA300_RS06390,2.700568878,9.98E-10,9.000716726
-,2.702634596,0.000998438,3.000678701
argF,2.711253796,3.50E-10,9.456221898
SAUSA300_RS10580,2.757333012,1.49E-99,98.82695573
SAUSA300_RS12560,2.791957626,2.45E-50,49.61107192
nth,2.844507748,4.58E-18,17.3389835
SAUSA300_RS07995,2.851325163,6.36E-23,22.19682413
sarV,2.887952795,4.85E-69,68.31385043
SAUSA300_RS10590,2.919251866,3.00E-120,119.523556
SAUSA300_RS10675,2.932729334,0.008088384,2.092138238
SAUSA300_RS13170,2.939506384,3.59E-16,15.44530051
-,2.948835404,1.17E-15,14.93288117
perR,2.959859151,5.02E-81,80.29915067
SAUSA300_RS03310,2.976879618,9.97E-27,26.00124539
SAUSA300_RS11880,2.982245006,9.65E-22,21.0154751
SAUSA300_RS10585,3.001356718,7.88E-82,81.103646
-,3.040046784,7.32E-23,22.13521288
arcD,3.103722291,3.27E-26,25.48480011
SAUSA300_RS10685,3.113766138,0.000871941,3.059513052
-,3.131940041,1.18E-22,21.92692773
SAUSA300_RS07320,3.151514836,8.51E-52,51.07023408
ffs,3.161062656,4.11E-53,52.38582317
SAUSA300_RS07505,3.168454296,9.33E-22,21.03025234
-,3.185941017,7.52E-17,16.12355676
-,3.222037066,9.99E-07,6.000272189
SAUSA300_RS01935,3.260302614,1.19E-18,17.92311457
SAUSA300_RS13640,3.265691472,2.85E-13,12.54490528
SAUSA300_RS00995,3.27704084,5.75E-33,32.2402029
dinB,3.311452934,2.51E-21,20.59971771
-,3.325711158,3.06E-28,27.51483458
SAUSA300_RS10575,3.330833015,1.91E-12,11.71915419
SAUSA300_RS01380,3.354393666,1.96E-22,21.70793595
SAUSA300_RS06905,3.372905173,6.89E-137,136.1620037
SAUSA300_RS11830,3.471076749,3.94E-24,23.40504471
-,3.473645494,0.029160251,1.535208743
SAUSA300_RS09890,3.528671288,5.24E-16,15.28079575
SAUSA300_RS15985,3.530307797,1.33E-36,35.87457697
sosA,3.604236637,6.23E-33,32.20562314
hlgC,3.703624178,3.06E-32,31.51401272
SAUSA300_RS09895,3.741481424,1.88E-20,19.72477442
msaC,3.935005252,2.03E-11,10.69196964
SAUSA300_RS15330,3.937824491,0.030427065,1.516739937
hlgB,3.95328182,5.45E-43,42.26383351
SAUSA300_RS01090,4.124446894,5.56E-25,24.25512108
hlgA,4.775874306,1.58E-45,44.8006956
spa,5.321105189,1.20E-199,198.9223723
argH,5.759258213,1.78E-34,33.74992635
SAUSA300_RS04665,6.296061094,6.71E-39,38.17319413
SAUSA300_RS06840,6.936215318,1.32E-55,54.88105147
